,candidate,freq,length,cap,start_of_sen,abbrv,all_cap,is_csl,title,has_no,date,is_apostrp,has_inter_punct,ends_verb,ends_adverb,change_in_cap,topic_ind,entry_time,entry_batch,@mention
0,rd 1,2,2,,,,,,,,,,,,,,,22:41:2,58,
1,rd 2,1,2,,,,,,,,,,,,,,,22:41:0,53,
2,ppv,2,1,,,,,,,,,,,,,,,22:41:1,56,
3,goodbye,1,1,,,,,,,,,,,,,,,22:40:50,18,
4,donald,5,1,,,,,,,,,,,,,,,22:40:48,8,
5,donald trump,8,2,,,,,,,,,,,,,,,22:40:46,1,
6,donald trump russia,1,3,,,,,,,,,,,,,,,22:40:48,8,
7,russias,1,1,,,,,,,,,,,,,,,22:40:47,6,
8,may 13th: niall,3,3,,,,,,,,,,,,,,,22:40:54,32,
9,may 13th,3,2,,,,,,,,,,,,,,,22:40:56,39,
10,macron,1,1,,,,,,,,,,,,,,,22:40:59,50,
11,mike,1,1,,,,,,,,,,,,,,,22:40:56,40,
12,mike vick,1,2,,,,,,,,,,,,,,,22:40:48,9,
13,mike dean liberty university stoke,1,5,,,,,,,,,,,,,,,22:40:54,30,
14,mike flynn,1,2,,,,,,,,,,,,,,,22:40:47,5,
15,enter ground,1,2,,,,,,,,,,,,,,,22:41:2,60,
16,crazy,1,1,,,,,,,,,,,,,,,22:41:1,57,
17,crazy raccoon gosha loves washing,1,5,,,,,,,,,,,,,,,22:40:55,37,
18,josh,1,1,,,,,,,,,,,,,,,22:40:54,33,
19,azerbaijan,1,1,,,,,,,,,,,,,,,22:40:52,25,
20,eddie,2,1,,,,,,,,,,,,,,,22:41:0,52,
21,eddie alvarez,3,2,,,,,,,,,,,,,,,22:41:1,55,
22,russia--why,3,1,,,,,,,,,,,,,,,22:40:58,45,
23,africa,4,1,,,,,,,,,,,,,,,22:40:57,43,
24,standing,2,1,,,,,,,,,,,,,,,22:40:54,30,
25,hallmark,1,1,,,,,,,,,,,,,,,22:40:47,5,
26,phd,1,1,,,,,,,,,,,,,,,22:40:48,9,
27,poland,2,1,,,,,,,,,,,,,,,22:40:59,50,
28,puppet master,1,2,,,,,,,,,,,,,,,22:40:46,1,
29,celebrate diversity,1,2,,,,,,,,,,,,,,,22:40:52,25,
30,american,14,1,,,,,,,,,,,,,,,22:40:46,0,
31,american christians,2,2,,,,,,,,,,,,,,,22:40:49,11,
32,american health system,1,3,,,,,,,,,,,,,,,22:40:51,20,
33,american health care act,1,4,,,,,,,,,,,,,,,22:40:49,11,
34,p3ople,1,1,,,,,,,,,,,,,,,22:40:58,47,
35,mercedes f015 concept car drives,1,5,,,,,,,,,,,,,,,22:40:55,35,
36,back,1,1,,,,,,,,,,,,,,,22:40:55,36,
37,rae lewis-thornton daily,2,3,,,,,,,,,,,,,,,22:40:50,18,
38,carrot,1,1,,,,,,,,,,,,,,,22:40:56,40,
39,russia-trump,1,1,,,,,,,,,,,,,,,22:40:48,9,
40,knew,2,1,,,,,,,,,,,,,,,22:40:47,3,
41,folks,1,1,,,,,,,,,,,,,,,22:40:47,6,
42,pics of miley,1,3,,,,,,,,,,,,,,,22:40:56,41,
43,mexico,1,1,,,,,,,,,,,,,,,22:40:53,27,
44,french,2,1,,,,,,,,,,,,,,,22:40:58,46,
45,chained,1,1,,,,,,,,,,,,,,,22:40:56,40,
46,fun fact,1,2,,,,,,,,,,,,,,,22:40:48,9,
47,dave matthews,1,2,,,,,,,,,,,,,,,22:40:49,12,
48,nunez,1,1,,,,,,,,,,,,,,,22:40:48,7,
49,australia,7,1,,,,,,,,,,,,,,,22:40:52,25,
50,10-9s,1,1,,,,,,,,,,,,,,,22:41:2,58,
51,le pen,2,2,,,,,,,,,,,,,,,22:40:53,28,
52,40s,4,1,,,,,,,,,,,,,,,22:40:58,47,
53,senate,21,1,,,,,,,,,,,,,,,22:40:48,8,
54,senate gop,1,2,,,,,,,,,,,,,,,22:40:49,13,
55,senate on obamacare,2,3,,,,,,,,,,,,,,,22:40:50,15,
56,senate in 2018,2,3,,,,,,,,,,,,,,,22:40:50,18,
57,king 2,4,2,,,,,,,,,,,,,,,22:40:47,4,
58,mma,6,1,,,,,,,,,,,,,,,22:41:1,56,
59,mma tycoon,3,2,,,,,,,,,,,,,,,22:41:2,59,
60,slavery,3,1,,,,,,,,,,,,,,,22:40:57,44,
61,dance,2,1,,,,,,,,,,,,,,,22:40:57,44,
62,russians,7,1,,,,,,,,,,,,,,,22:40:46,0,
63,superbowl,1,1,,,,,,,,,,,,,,,22:40:53,29,
64,counter-terrorism,1,1,,,,,,,,,,,,,,,22:40:48,7,
65,pbo,2,1,,,,,,,,,,,,,,,22:40:47,3,
66,rewrite obamacare,2,2,,,,,,,,,,,,,,,22:40:49,13,
67,dr.king,1,1,,,,,,,,,,,,,,,22:40:46,1,
68,sunny in philadelphia,1,3,,,,,,,,,,,,,,,22:40:51,20,
69,session,1,1,,,,,,,,,,,,,,,22:40:46,0,
70,luisa,2,1,,,,,,,,,,,,,,,22:40:52,24,
71,judy,3,1,,,,,,,,,,,,,,,22:40:46,2,
72,sessions,1,1,,,,,,,,,,,,,,,22:40:47,6,
73,sessions page,2,2,,,,,,,,,,,,,,,22:40:48,9,
74,leaving malta,1,2,,,,,,,,,,,,,,,22:40:52,25,
75,15pm pst,2,2,,,,,,,,,,,,,,,22:40:55,36,
76,ireland,6,1,,,,,,,,,,,,,,,22:40:52,25,
77,2monitor trump,1,2,,,,,,,,,,,,,,,22:40:46,2,
78,twood,1,1,,,,,,,,,,,,,,,22:41:1,57,
79,sjw,1,1,,,,,,,,,,,,,,,22:40:51,20,
80,israel,2,1,,,,,,,,,,,,,,,22:40:51,21,
81,racism,1,1,,,,,,,,,,,,,,,22:40:57,42,
82,000 americans,1,2,,,,,,,,,,,,,,,22:40:50,17,
83,000 bm,1,2,,,,,,,,,,,,,,,22:40:58,45,
84,mussolini,1,1,,,,,,,,,,,,,,,22:40:51,21,
85,8yr bc,1,2,,,,,,,,,,,,,,,22:40:50,18,
86,krzysztof jotko,1,2,,,,,,,,,,,,,,,22:41:1,55,
87,besides carter page,1,3,,,,,,,,,,,,,,,22:40:47,3,
88,true equality,1,2,,,,,,,,,,,,,,,22:40:56,41,
89,joe-jitsu,1,1,,,,,,,,,,,,,,,22:41:0,54,
90,gop,34,1,,,,,,,,,,,,,,,22:40:47,5,
91,gop republicans,1,2,,,,,,,,,,,,,,,22:40:51,19,
92,gop house,2,2,,,,,,,,,,,,,,,22:40:49,12,
93,pantera,1,1,,,,,,,,,,,,,,,22:41:1,56,
94,champion,1,1,,,,,,,,,,,,,,,22:40:50,17,
95,wh,4,1,,,,,,,,,,,,,,,22:40:47,3,
96,meia,1,1,,,,,,,,,,,,,,,22:41:0,54,
97,msnbc,1,1,,,,,,,,,,,,,,,22:40:47,6,
98,crips,1,1,,,,,,,,,,,,,,,22:40:50,18,
99,arya stark,1,2,,,,,,,,,,,,,,,22:40:51,19,
100,whites,2,1,,,,,,,,,,,,,,,22:40:56,41,
101,pa,1,1,,,,,,,,,,,,,,,22:40:50,15,
102,ivanka,3,1,,,,,,,,,,,,,,,22:40:49,12,
103,juno mission,1,2,,,,,,,,,,,,,,,22:40:57,42,
104,joe,3,1,,,,,,,,,,,,,,,22:40:46,1,
105,joe jonas,1,2,,,,,,,,,,,,,,,22:40:54,30,
106,joe silva,5,2,,,,,,,,,,,,,,,22:41:0,54,
107,heavyweight champ,2,2,,,,,,,,,,,,,,,22:41:1,55,
108,project ara,1,2,,,,,,,,,,,,,,,22:40:56,39,
109,understanding the carter page,1,4,,,,,,,,,,,,,,,22:40:48,8,
110,investigate the fbi director,1,4,,,,,,,,,,,,,,,22:40:46,1,
111,congress,14,1,,,,,,,,,,,,,,,22:40:47,4,
112,cuter,1,1,,,,,,,,,,,,,,,22:40:54,31,
113,2-boot,1,1,,,,,,,,,,,,,,,22:40:47,4,
114,scarface,26,1,,,,,,,,,,,,,,,22:41:0,51,
115,scarface theme,1,2,,,,,,,,,,,,,,,22:41:1,56,
116,excited,1,1,,,,,,,,,,,,,,,22:40:51,20,
117,new,2,1,,,,,,,,,,,,,,,22:40:55,36,
118,new health hashtag,1,3,,,,,,,,,,,,,,,22:40:49,12,
119,middle east,1,2,,,,,,,,,,,,,,,22:40:57,43,
120,greatness back,1,2,,,,,,,,,,,,,,,22:40:59,48,
121,eurovision,9,1,,,,,,,,,,,,,,,22:40:51,22,
122,eurovision shut,1,2,,,,,,,,,,,,,,,22:40:52,25,
123,eurovision song contest,1,3,,,,,,,,,,,,,,,22:40:53,26,
124,eurovision 2017,1,2,,,,,,,,,,,,,,,22:40:52,23,
125,26th,4,1,,,,,,,,,,,,,,,22:40:53,27,
126,english,4,1,,,,,,,,,,,,,,,22:40:53,27,
127,islamic,2,1,,,,,,,,,,,,,,,22:40:54,30,
128,hooters lone tree,1,3,,,,,,,,,,,,,,,22:41:1,57,
129,teenage dream,1,2,,,,,,,,,,,,,,,22:40:56,40,
130,nyc,2,1,,,,,,,,,,,,,,,22:40:59,48,
131,love,5,1,,,,,,,,,,,,,,,22:40:52,25,
132,love masvidal,1,2,,,,,,,,,,,,,,,22:41:1,57,
133,love myself,1,2,,,,,,,,,,,,,,,22:40:54,32,
134,fake christians,1,2,,,,,,,,,,,,,,,22:40:50,17,
135,type 1,2,2,,,,,,,,,,,,,,,22:40:49,13,
136,florida,2,1,,,,,,,,,,,,,,,22:40:53,27,
137,ahca,6,1,,,,,,,,,,,,,,,22:40:49,14,
138,need,1,1,,,,,,,,,,,,,,,22:40:56,40,
139,rep‚Äîbut,1,1,,,,,,,,,,,,,,,22:40:50,17,
140,moto x4,2,2,,,,,,,,,,,,,,,22:40:54,31,
141,south africa,1,2,,,,,,,,,,,,,,,22:40:58,45,
142,tang,2,1,,,,,,,,,,,,,,,22:40:57,43,
143,poles,2,1,,,,,,,,,,,,,,,22:40:59,50,
144,goddess,1,1,,,,,,,,,,,,,,,22:40:56,40,
145,bc,3,1,,,,,,,,,,,,,,,22:40:50,18,
146,2day,2,1,,,,,,,,,,,,,,,22:40:52,25,
147,tweets,1,1,,,,,,,,,,,,,,,22:40:54,30,
148,barry,2,1,,,,,,,,,,,,,,,22:40:49,12,
149,linkin,3,1,,,,,,,,,,,,,,,22:41:0,54,
150,linkin narc,2,2,,,,,,,,,,,,,,,22:41:0,54,
151,linkin park,21,2,,,,,,,,,,,,,,,22:41:0,51,
152,hallelujah gen. flynn,1,3,,,,,,,,,,,,,,,22:40:46,2,
153,summon electricity,3,2,,,,,,,,,,,,,,,22:40:53,27,
154,jesus christ,2,2,,,,,,,,,,,,,,,22:40:49,11,
155,wrong,2,1,,,,,,,,,,,,,,,22:40:48,7,
156,hillary,11,1,,,,,,,,,,,,,,,22:40:46,1,
157,hillary clinton,4,2,,,,,,,,,,,,,,,22:40:47,3,
158,cyprus,1,1,,,,,,,,,,,,,,,22:40:52,23,
159,boom,3,1,,,,,,,,,,,,,,,22:40:48,9,
160,germany,2,1,,,,,,,,,,,,,,,22:40:46,2,
161,genius,1,1,,,,,,,,,,,,,,,22:40:52,23,
162,chase sherman,1,2,,,,,,,,,,,,,,,22:41:0,54,
163,syria,9,1,,,,,,,,,,,,,,,22:40:46,0,
164,gave orders,2,2,,,,,,,,,,,,,,,22:40:47,4,
165,aldo,3,1,,,,,,,,,,,,,,,22:41:0,54,
166,surprise,1,1,,,,,,,,,,,,,,,22:40:50,18,
167,2013 feels,1,2,,,,,,,,,,,,,,,22:40:55,35,
168,traitor trump,1,2,,,,,,,,,,,,,,,22:40:48,9,
169,arizona,2,1,,,,,,,,,,,,,,,22:40:50,15,
170,destiny's child,1,2,,,,,,,,,,,,,,,22:40:52,22,
171,jurassic world trailer,1,3,,,,,,,,,,,,,,,22:40:56,39,
172,n. europeans,1,2,,,,,,,,,,,,,,,22:40:57,41,
173,tv,3,1,,,,,,,,,,,,,,,22:41:0,52,
174,tv ufc 211 live stream edgar,1,6,,,,,,,,,,,,,,,22:41:0,53,
175,instagram,25,1,,,,,,,,,,,,,,,22:40:54,31,
176,instagram story,3,2,,,,,,,,,,,,,,,22:40:54,32,
177,sc,1,1,,,,,,,,,,,,,,,22:40:49,14,
178,kill children,1,2,,,,,,,,,,,,,,,22:40:50,16,
179,payday,1,1,,,,,,,,,,,,,,,22:40:54,31,
180,hope maia,1,2,,,,,,,,,,,,,,,22:41:0,52,
181,canadian,6,1,,,,,,,,,,,,,,,22:40:49,14,
182,los angeles releases the lineup,1,5,,,,,,,,,,,,,,,22:40:55,36,
183,mother russia,1,2,,,,,,,,,,,,,,,22:40:52,24,
184,baby elephant bathing,1,3,,,,,,,,,,,,,,,22:40:56,40,
185,bitch wbzg thenesjdjdnx,1,3,,,,,,,,,,,,,,,22:40:54,31,
186,nkorea,1,1,,,,,,,,,,,,,,,22:40:48,8,
187,devil,1,1,,,,,,,,,,,,,,,22:40:51,21,
188,progressives,1,1,,,,,,,,,,,,,,,22:40:58,47,
189,stay,1,1,,,,,,,,,,,,,,,22:40:54,32,
190,reps,4,1,,,,,,,,,,,,,,,22:40:51,20,
191,coloradans,1,1,,,,,,,,,,,,,,,22:40:50,16,
192,iolo,1,1,,,,,,,,,,,,,,,22:40:51,22,
193,disney,1,1,,,,,,,,,,,,,,,22:40:52,23,
194,age,1,1,,,,,,,,,,,,,,,22:40:54,32,
195,102.7 kiis fm's wango tango,1,5,,,,,,,,,,,,,,,22:40:54,32,
196,102.7 kiis fm,6,3,,,,,,,,,,,,,,,22:40:55,34,
197,fan poll,3,2,,,,,,,,,,,,,,,22:41:0,52,
198,nsa,1,1,,,,,,,,,,,,,,,22:40:48,7,
199,seeing alvarez,1,2,,,,,,,,,,,,,,,22:41:0,52,
200,wade,1,1,,,,,,,,,,,,,,,22:40:48,8,
201,sweden,5,1,,,,,,,,,,,,,,,22:40:51,21,
202,kyiv,4,1,,,,,,,,,,,,,,,22:40:52,25,
203,m√•ns,1,1,,,,,,,,,,,,,,,22:40:52,25,
204,administration,1,1,,,,,,,,,,,,,,,22:40:47,5,
205,27th,5,1,,,,,,,,,,,,,,,22:40:53,27,
206,nate marquardted,2,2,,,,,,,,,,,,,,,22:41:1,55,
207,wonder,1,1,,,,,,,,,,,,,,,22:40:48,7,
208,wonder world tour,2,3,,,,,,,,,,,,,,,22:40:55,34,
209,moro,3,1,,,,,,,,,,,,,,,22:40:50,15,
210,stubhub center,1,2,,,,,,,,,,,,,,,22:40:54,32,
211,jimmy fallon sing,1,3,,,,,,,,,,,,,,,22:40:56,39,
212,ukrainian,6,1,,,,,,,,,,,,,,,22:40:52,23,
213,foot-in-mouth,2,1,,,,,,,,,,,,,,,22:40:48,8,
214,wikipedia,1,1,,,,,,,,,,,,,,,22:40:58,45,
215,dear white people,1,3,,,,,,,,,,,,,,,22:40:51,20,
216,mississippi mean,1,2,,,,,,,,,,,,,,,22:41:0,52,
217,falling,1,1,,,,,,,,,,,,,,,22:40:55,37,
218,post fight interview,2,3,,,,,,,,,,,,,,,22:41:0,53,
219,repeal,4,1,,,,,,,,,,,,,,,22:40:49,13,
220,acha,2,1,,,,,,,,,,,,,,,22:40:51,20,
221,luhan,1,1,,,,,,,,,,,,,,,22:40:51,21,
222,carson,2,1,,,,,,,,,,,,,,,22:40:54,32,
223,dating white people,1,3,,,,,,,,,,,,,,,22:40:58,47,
224,ohioans,1,1,,,,,,,,,,,,,,,22:40:50,17,
225,san diego,4,2,,,,,,,,,,,,,,,22:40:54,31,
226,san bernardino,1,2,,,,,,,,,,,,,,,22:40:48,9,
227,wales,2,1,,,,,,,,,,,,,,,22:40:52,25,
228,ces 2016,1,2,,,,,,,,,,,,,,,22:40:56,40,
229,ces las vegas,1,3,,,,,,,,,,,,,,,22:40:55,35,
230,finnish,1,1,,,,,,,,,,,,,,,22:40:52,23,
231,theresa may,1,2,,,,,,,,,,,,,,,22:40:51,21,
232,far,1,1,,,,,,,,,,,,,,,22:40:58,45,
233,imperialism,1,1,,,,,,,,,,,,,,,22:40:51,21,
234,carter,5,1,,,,,,,,,,,,,,,22:40:46,0,
235,carter page.y,1,2,,,,,,,,,,,,,,,22:40:48,9,
236,carter page,282,2,,,,,,,,,,,,,,,22:40:46,0,
237,carter page 2016,1,3,,,,,,,,,,,,,,,22:40:46,2,
238,carter page in 2016,4,4,,,,,,,,,,,,,,,22:40:46,0,
239,carter page the washington post,2,5,,,,,,,,,,,,,,,22:40:47,4,
240,carter page washington post the fbi,1,6,,,,,,,,,,,,,,,22:40:46,2,
241,carter page fisa,7,3,,,,,,,,,,,,,,,22:40:47,3,
242,carter page get,1,3,,,,,,,,,,,,,,,22:40:48,7,
243,carter page to russia with love,1,6,,,,,,,,,,,,,,,22:40:47,3,
244,carter page by fbi,1,4,,,,,,,,,,,,,,,22:40:48,7,
245,carter page.fisa,1,2,,,,,,,,,,,,,,,22:40:46,2,
246,spaniard,1,1,,,,,,,,,,,,,,,22:40:48,9,
247,rep,6,1,,,,,,,,,,,,,,,22:40:48,10,
248,rep schiff,1,2,,,,,,,,,,,,,,,22:40:46,1,
249,vip,1,1,,,,,,,,,,,,,,,22:40:53,27,
250,vip pass,1,2,,,,,,,,,,,,,,,22:40:52,25,
251,hof,3,1,,,,,,,,,,,,,,,22:41:0,52,
252,voted,2,1,,,,,,,,,,,,,,,22:40:49,14,
253,portugal's 1992,1,2,,,,,,,,,,,,,,,22:40:52,23,
254,hold,4,1,,,,,,,,,,,,,,,22:40:48,8,
255,hold tight,1,2,,,,,,,,,,,,,,,22:40:55,35,
256,gamebred,4,1,,,,,,,,,,,,,,,22:41:0,54,
257,chechnya,1,1,,,,,,,,,,,,,,,22:40:48,9,
258,officer william stacy,3,3,,,,,,,,,,,,,,,22:40:57,44,
259,civil war,1,2,,,,,,,,,,,,,,,22:40:58,45,
260,civil rights laws,1,3,,,,,,,,,,,,,,,22:40:57,42,
261,lose,2,1,,,,,,,,,,,,,,,22:40:49,13,
262,free,2,1,,,,,,,,,,,,,,,22:40:58,45,
263,free unfollow unfollowers,1,3,,,,,,,,,,,,,,,22:40:56,40,
264,free wango tango,1,3,,,,,,,,,,,,,,,22:40:55,36,
265,doj,2,1,,,,,,,,,,,,,,,22:40:46,0,
266,winner of salvador sobral,1,4,,,,,,,,,,,,,,,22:40:51,21,
267,confirming fisa,1,2,,,,,,,,,,,,,,,22:40:47,4,
268,turkey,2,1,,,,,,,,,,,,,,,22:40:59,50,
269,special education,1,2,,,,,,,,,,,,,,,22:40:49,14,
270,see,1,1,,,,,,,,,,,,,,,22:40:50,17,
271,dmoceanu,1,1,,,,,,,,,,,,,,,22:41:0,54,
272,liberal,3,1,,,,,,,,,,,,,,,22:40:50,15,
273,scary clown cars,2,3,,,,,,,,,,,,,,,22:40:51,19,
274,imagine kickboxing maia,1,3,,,,,,,,,,,,,,,22:41:2,59,
275,mt,2,1,,,,,,,,,,,,,,,22:40:49,13,
276,hpn,1,1,,,,,,,,,,,,,,,22:40:48,9,
277,str8 g,1,2,,,,,,,,,,,,,,,22:41:2,60,
278,ufc,15,1,,,,,,,,,,,,,,,22:41:0,51,
279,ufc light heavyweight champion daniel cormier,1,6,,,,,,,,,,,,,,,22:41:2,59,
280,ufc hall of fame,2,4,,,,,,,,,,,,,,,22:41:0,54,
281,ufc 211,5,2,,,,,,,,,,,,,,,22:41:1,56,
282,ufc 211 live stream edgar,2,5,,,,,,,,,,,,,,,22:41:1,56,
283,pop bubbles,1,2,,,,,,,,,,,,,,,22:40:56,40,
284,trumpcare,7,1,,,,,,,,,,,,,,,22:40:49,11,
285,office space,1,2,,,,,,,,,,,,,,,22:40:46,1,
286,retweeted the new york times,2,5,,,,,,,,,,,,,,,22:40:50,18,
287,passed a bill,2,3,,,,,,,,,,,,,,,22:40:49,13,
288,jason knight,3,2,,,,,,,,,,,,,,,22:41:0,52,
289,jason blossom,1,2,,,,,,,,,,,,,,,22:40:49,11,
290,jason chaffetz,1,2,,,,,,,,,,,,,,,22:40:50,16,
291,sam,1,1,,,,,,,,,,,,,,,22:40:54,30,
292,sam clovis,3,2,,,,,,,,,,,,,,,22:40:46,1,
293,real,1,1,,,,,,,,,,,,,,,22:40:46,2,
294,real madrid,1,2,,,,,,,,,,,,,,,22:40:52,22,
295,maroon 5,5,2,,,,,,,,,,,,,,,22:40:55,34,
296,netherlands,2,1,,,,,,,,,,,,,,,22:40:52,23,
297,aussies,3,1,,,,,,,,,,,,,,,22:40:52,25,
298,hillary's andrew mccabe,4,3,,,,,,,,,,,,,,,22:40:46,1,
299,eurovision's opening ceremony,1,3,,,,,,,,,,,,,,,22:40:52,23,
300,netflix canceled,1,2,,,,,,,,,,,,,,,22:40:51,20,
301,press conference,2,2,,,,,,,,,,,,,,,22:40:53,29,
302,4th,4,1,,,,,,,,,,,,,,,22:40:48,8,
303,left,2,1,,,,,,,,,,,,,,,22:40:57,43,
304,hybrid theory,1,2,,,,,,,,,,,,,,,22:41:2,59,
305,iraq war,3,2,,,,,,,,,,,,,,,22:40:51,21,
306,portugal,24,1,,,,,,,,,,,,,,,22:40:52,22,
307,privilege,1,1,,,,,,,,,,,,,,,22:40:59,49,
308,crush,2,1,,,,,,,,,,,,,,,22:40:49,14,
309,carlos condit,2,2,,,,,,,,,,,,,,,22:41:0,51,
310,ron,1,1,,,,,,,,,,,,,,,22:40:51,21,
311,power corrupts,2,2,,,,,,,,,,,,,,,22:40:48,10,
312,stipe,5,1,,,,,,,,,,,,,,,22:41:0,52,
313,holy,6,1,,,,,,,,,,,,,,,22:40:47,4,
314,holy father,1,2,,,,,,,,,,,,,,,22:40:53,26,
315,snub house bill,1,3,,,,,,,,,,,,,,,22:40:49,13,
316,lp song,1,2,,,,,,,,,,,,,,,22:41:0,54,
317,guys,1,1,,,,,,,,,,,,,,,22:40:54,32,
318,eerie linkin park,1,3,,,,,,,,,,,,,,,22:41:2,59,
319,robbed,1,1,,,,,,,,,,,,,,,22:40:53,26,
320,bucks fizz,1,2,,,,,,,,,,,,,,,22:40:51,22,
321,breitbarters,1,1,,,,,,,,,,,,,,,22:40:47,4,
322,washington post,29,2,,,,,,,,,,,,,,,22:40:46,0,
323,washington post fbi,2,3,,,,,,,,,,,,,,,22:40:46,2,
324,4am,2,1,,,,,,,,,,,,,,,22:40:52,25,
325,odessa,1,1,,,,,,,,,,,,,,,22:40:54,31,
326,comey,10,1,,,,,,,,,,,,,,,22:40:46,2,
327,mothers,2,1,,,,,,,,,,,,,,,22:40:50,17,
328,chameleon loves,1,2,,,,,,,,,,,,,,,22:40:56,40,
329,comrade comey,1,2,,,,,,,,,,,,,,,22:40:46,1,
330,live on the yellow carpet,1,5,,,,,,,,,,,,,,,22:40:54,33,
331,goes 2,3,2,,,,,,,,,,,,,,,22:40:49,11,
332,this town,2,2,,,,,,,,,,,,,,,22:40:55,37,
333,google,1,1,,,,,,,,,,,,,,,22:40:57,42,
334,california's house republicans,2,3,,,,,,,,,,,,,,,22:40:50,15,
335,jones,1,1,,,,,,,,,,,,,,,22:41:0,54,
336,profit,1,1,,,,,,,,,,,,,,,22:40:59,51,
337,croatia,2,1,,,,,,,,,,,,,,,22:40:51,22,
338,clinton,3,1,,,,,,,,,,,,,,,22:40:46,2,
339,spec,1,1,,,,,,,,,,,,,,,22:40:47,3,
340,muslims,6,1,,,,,,,,,,,,,,,22:40:49,12,
341,military,1,1,,,,,,,,,,,,,,,22:40:48,7,
342,matchmaker joe silva,2,3,,,,,,,,,,,,,,,22:41:0,52,
343,nonsense karaoke,1,2,,,,,,,,,,,,,,,22:40:56,39,
344,convene the death panel,2,4,,,,,,,,,,,,,,,22:40:49,11,
345,ruth,3,1,,,,,,,,,,,,,,,22:40:49,12,
346,photos of katy,1,3,,,,,,,,,,,,,,,22:40:56,38,
347,euros,1,1,,,,,,,,,,,,,,,22:40:53,27,
348,anna wintour,3,2,,,,,,,,,,,,,,,22:40:53,27,
349,i want candy,2,3,,,,,,,,,,,,,,,22:40:54,33,
350,marketwatch,1,1,,,,,,,,,,,,,,,22:40:48,7,
351,pastor jerry,1,2,,,,,,,,,,,,,,,22:40:52,24,
352,senators,4,1,,,,,,,,,,,,,,,22:40:49,12,
353,complaint,1,1,,,,,,,,,,,,,,,22:40:48,7,
354,brit,1,1,,,,,,,,,,,,,,,22:40:52,23,
355,fourth reich,2,2,,,,,,,,,,,,,,,22:40:58,45,
356,lucie jones,1,2,,,,,,,,,,,,,,,22:40:52,25,
357,job,4,1,,,,,,,,,,,,,,,22:40:49,14,
358,f**k,2,1,,,,,,,,,,,,,,,22:40:49,14,
359,bloods,1,1,,,,,,,,,,,,,,,22:40:50,18,
360,numbers 116-131,1,2,,,,,,,,,,,,,,,22:40:54,33,
361,tokio hotel,1,2,,,,,,,,,,,,,,,22:40:52,22,
362,panic,2,1,,,,,,,,,,,,,,,22:40:57,42,
363,daddy [de zayn,1,3,,,,,,,,,,,,,,,22:40:56,38,
364,wot,2,1,,,,,,,,,,,,,,,22:41:2,58,
365,marcusrfrancis on instagram,1,3,,,,,,,,,,,,,,,22:40:56,39,
366,louis,2,1,,,,,,,,,,,,,,,22:40:55,34,
367,paul ryan,1,2,,,,,,,,,,,,,,,22:40:51,19,
368,paul manafort,2,2,,,,,,,,,,,,,,,22:40:48,9,
369,kellyanne,1,1,,,,,,,,,,,,,,,22:40:48,9,
370,payne,3,1,,,,,,,,,,,,,,,22:40:54,31,
371,champions,2,1,,,,,,,,,,,,,,,22:40:50,17,
372,mendes,1,1,,,,,,,,,,,,,,,22:41:2,58,
373,canelo,2,1,,,,,,,,,,,,,,,22:41:1,57,
374,comney,2,1,,,,,,,,,,,,,,,22:40:48,7,
375,svoboda,1,1,,,,,,,,,,,,,,,22:40:52,22,
376,demianmaia,1,1,,,,,,,,,,,,,,,22:41:1,56,
377,jacare souza,1,2,,,,,,,,,,,,,,,22:41:0,52,
378,october,3,1,,,,,,,,,,,,,,,22:40:48,7,
379,october 28,1,2,,,,,,,,,,,,,,,22:40:46,2,
380,doa,1,1,,,,,,,,,,,,,,,22:40:51,20,
381,dump,2,1,,,,,,,,,,,,,,,22:40:48,9,
382,mou,1,1,,,,,,,,,,,,,,,22:40:52,22,
383,gano,1,1,,,,,,,,,,,,,,,22:41:2,58,
384,ronaldo,1,1,,,,,,,,,,,,,,,22:40:53,29,
385,ryan gosling in la la land,1,6,,,,,,,,,,,,,,,22:40:53,28,
386,bill nye,1,2,,,,,,,,,,,,,,,22:40:51,20,
387,bill clinton,4,2,,,,,,,,,,,,,,,22:40:51,20,
388,thatcher,1,1,,,,,,,,,,,,,,,22:40:51,21,
389,reconstruction south,3,2,,,,,,,,,,,,,,,22:40:49,14,
390,page,17,1,,,,,,,,,,,,,,,22:40:46,1,
391,earth,1,1,,,,,,,,,,,,,,,22:40:58,46,
392,bulgaria,1,1,,,,,,,,,,,,,,,22:40:51,21,
393,2017 grand final,2,3,,,,,,,,,,,,,,,22:40:53,27,
394,2017 song,3,2,,,,,,,,,,,,,,,22:40:52,23,
395,town,5,1,,,,,,,,,,,,,,,22:40:54,32,
396,tyron woodley,1,2,,,,,,,,,,,,,,,22:41:2,58,
397,red,1,1,,,,,,,,,,,,,,,22:40:50,18,
398,red people,2,2,,,,,,,,,,,,,,,22:40:57,42,
399,red carpet,2,2,,,,,,,,,,,,,,,22:40:55,34,
400,party,1,1,,,,,,,,,,,,,,,22:40:49,12,
401,slovenia,2,1,,,,,,,,,,,,,,,22:40:53,29,
402,hell-bows,1,1,,,,,,,,,,,,,,,22:41:2,59,
403,nah nah nah,2,3,,,,,,,,,,,,,,,22:40:49,13,
404,hero,1,1,,,,,,,,,,,,,,,22:40:53,29,
405,bradford,1,1,,,,,,,,,,,,,,,22:40:54,30,
406,ko'd,2,1,,,,,,,,,,,,,,,22:41:1,56,
407,hispanics,2,1,,,,,,,,,,,,,,,22:40:56,41,
408,hair plug procedures,1,3,,,,,,,,,,,,,,,22:40:51,19,
409,administrati,1,1,,,,,,,,,,,,,,,22:40:53,29,
410,die,3,1,,,,,,,,,,,,,,,22:40:50,16,
411,32-11,1,1,,,,,,,,,,,,,,,22:41:1,56,
412,lovely owls,1,2,,,,,,,,,,,,,,,22:40:55,37,
413,michelob lites,1,2,,,,,,,,,,,,,,,22:40:51,19,
414,june,1,1,,,,,,,,,,,,,,,22:40:55,35,
415,google's project tango,1,3,,,,,,,,,,,,,,,22:40:56,40,
416,albert einstein,1,2,,,,,,,,,,,,,,,22:40:54,30,
417,authoritarian kleptocracy,2,2,,,,,,,,,,,,,,,22:40:50,15,
418,two,4,1,,,,,,,,,,,,,,,22:40:53,28,
419,liam,12,1,,,,,,,,,,,,,,,22:40:54,31,
420,liam payne,4,2,,,,,,,,,,,,,,,22:40:54,31,
421,hailee steinfeld,7,2,,,,,,,,,,,,,,,22:40:54,32,
422,greg leppert,1,2,,,,,,,,,,,,,,,22:40:48,10,
423,rus,1,1,,,,,,,,,,,,,,,22:40:54,30,
424,yair,15,1,,,,,,,,,,,,,,,22:41:0,53,
425,yair rodriquez,3,2,,,,,,,,,,,,,,,22:41:0,54,
426,yair rodriguez,11,2,,,,,,,,,,,,,,,22:41:0,52,
427,yair rodriguez full fight,1,4,,,,,,,,,,,,,,,22:41:3,61,
428,yair rodr√≠guez,3,2,,,,,,,,,,,,,,,22:41:1,56,
429,hitler,5,1,,,,,,,,,,,,,,,22:40:47,3,
430,right,5,1,,,,,,,,,,,,,,,22:40:47,4,
431,e.t,1,1,,,,,,,,,,,,,,,22:40:56,40,
432,raw story,1,2,,,,,,,,,,,,,,,22:40:46,0,
433,native americans,1,2,,,,,,,,,,,,,,,22:40:57,43,
434,joevin jones,1,2,,,,,,,,,,,,,,,22:40:55,35,
435,frankieedgar,1,1,,,,,,,,,,,,,,,22:41:2,58,
436,countries,2,1,,,,,,,,,,,,,,,22:40:59,51,
437,brad pitt,3,2,,,,,,,,,,,,,,,22:40:53,27,
438,vitalii sediuk,1,2,,,,,,,,,,,,,,,22:40:54,30,
439,deplorable,1,1,,,,,,,,,,,,,,,22:40:58,46,
440,nothing2 b,1,2,,,,,,,,,,,,,,,22:40:57,41,
441,great,1,1,,,,,,,,,,,,,,,22:40:57,41,
442,rose garden,2,2,,,,,,,,,,,,,,,22:40:50,15,
443,dad,5,1,,,,,,,,,,,,,,,22:40:52,25,
444,michigan,1,1,,,,,,,,,,,,,,,22:40:59,48,
445,mich stepping stones daily,2,4,,,,,,,,,,,,,,,22:40:50,16,
446,pagie,3,1,,,,,,,,,,,,,,,22:40:47,5,
447,ca,3,1,,,,,,,,,,,,,,,22:40:51,20,
448,horrible health bill,2,3,,,,,,,,,,,,,,,22:40:50,15,
449,horrible care act,1,3,,,,,,,,,,,,,,,22:40:50,18,
450,strip,1,1,,,,,,,,,,,,,,,22:40:55,36,
451,amar pelos dois,1,3,,,,,,,,,,,,,,,22:40:53,29,
452,trump-doesn't-care,1,1,,,,,,,,,,,,,,,22:40:50,17,
453,aaron,1,1,,,,,,,,,,,,,,,22:40:54,33,
454,gitmo,1,1,,,,,,,,,,,,,,,22:40:58,47,
455,tell,1,1,,,,,,,,,,,,,,,22:40:51,20,
456,lot,1,1,,,,,,,,,,,,,,,22:40:46,2,
457,tom clancy,1,2,,,,,,,,,,,,,,,22:40:48,7,
458,10-8,4,1,,,,,,,,,,,,,,,22:41:0,51,
459,ny,1,1,,,,,,,,,,,,,,,22:40:50,18,
460,somewhere a sjw,1,3,,,,,,,,,,,,,,,22:40:58,46,
461,brazilian,2,1,,,,,,,,,,,,,,,22:41:2,59,
462,democratic,1,1,,,,,,,,,,,,,,,22:40:48,10,
463,democratic party,2,2,,,,,,,,,,,,,,,22:40:59,48,
464,sen,1,1,,,,,,,,,,,,,,,22:40:50,17,
465,b.j.penn,2,1,,,,,,,,,,,,,,,22:41:1,56,
466,news of fisa warrant,4,4,,,,,,,,,,,,,,,22:40:47,3,
467,demian,3,1,,,,,,,,,,,,,,,22:41:1,55,
468,demian maia,17,2,,,,,,,,,,,,,,,22:41:0,51,
469,vs reality ‚Äîhappy moth,1,4,,,,,,,,,,,,,,,22:40:54,30,
470,stella,1,1,,,,,,,,,,,,,,,22:40:56,40,
471,feet king size normal,3,4,,,,,,,,,,,,,,,22:40:54,31,
472,michelle,3,1,,,,,,,,,,,,,,,22:40:49,11,
473,world trends,1,2,,,,,,,,,,,,,,,22:40:56,40,
474,world news,1,2,,,,,,,,,,,,,,,22:40:47,6,
475,world news update] fbi,1,4,,,,,,,,,,,,,,,22:40:48,10,
476,brexit,1,1,,,,,,,,,,,,,,,22:40:53,29,
477,mean the fbi,3,3,,,,,,,,,,,,,,,22:40:47,6,
478,election day,2,2,,,,,,,,,,,,,,,22:40:47,3,
479,liberty university,3,2,,,,,,,,,,,,,,,22:40:57,42,
480,flint,1,1,,,,,,,,,,,,,,,22:40:58,47,
481,1st,3,1,,,,,,,,,,,,,,,22:40:53,27,
482,jolene,9,1,,,,,,,,,,,,,,,22:40:54,32,
483,dogs annoying cats,1,3,,,,,,,,,,,,,,,22:40:56,40,
484,ohio,1,1,,,,,,,,,,,,,,,22:40:50,17,
485,libs,3,1,,,,,,,,,,,,,,,22:40:46,0,
486,goper,1,1,,,,,,,,,,,,,,,22:40:50,17,
487,good lord,2,2,,,,,,,,,,,,,,,22:40:47,3,
488,internet,1,1,,,,,,,,,,,,,,,22:40:59,48,
489,sophie turner,1,2,,,,,,,,,,,,,,,22:40:54,30,
490,cormier,1,1,,,,,,,,,,,,,,,22:41:3,61,
491,aussie,2,1,,,,,,,,,,,,,,,22:40:53,27,
492,bsb,1,1,,,,,,,,,,,,,,,22:40:55,36,
493,slow hands,8,2,,,,,,,,,,,,,,,22:40:54,33,
494,kay,5,1,,,,,,,,,,,,,,,22:40:53,29,
495,zionist,1,1,,,,,,,,,,,,,,,22:40:59,50,
496,eyes closed,1,2,,,,,,,,,,,,,,,22:40:55,37,
497,swedish,1,1,,,,,,,,,,,,,,,22:40:52,23,
498,hocaust centers,1,2,,,,,,,,,,,,,,,22:40:46,0,
499,romania,2,1,,,,,,,,,,,,,,,22:40:51,22,
500,listening,3,1,,,,,,,,,,,,,,,22:40:47,6,
501,republicans,12,1,,,,,,,,,,,,,,,22:40:49,11,
502,spurs,2,1,,,,,,,,,,,,,,,22:40:52,24,
503,using siri,1,2,,,,,,,,,,,,,,,22:40:56,40,
504,64 crow,1,2,,,,,,,,,,,,,,,22:40:57,42,
505,spineless mayonnaise turds celebrate victory,1,5,,,,,,,,,,,,,,,22:40:51,19,
506,niam,4,1,,,,,,,,,,,,,,,22:40:54,33,
507,americans,20,1,,,,,,,,,,,,,,,22:40:48,9,
508,americans on twitter,1,3,,,,,,,,,,,,,,,22:40:53,29,
509,lower,1,1,,,,,,,,,,,,,,,22:41:0,52,
510,democrat,1,1,,,,,,,,,,,,,,,22:40:59,49,
511,democrat party,2,2,,,,,,,,,,,,,,,22:40:59,50,
512,thehill,1,1,,,,,,,,,,,,,,,22:40:46,0,
513,wapo,7,1,,,,,,,,,,,,,,,22:40:46,0,
514,wapo carter page,1,3,,,,,,,,,,,,,,,22:40:46,0,
515,female genital mutilation,2,3,,,,,,,,,,,,,,,22:40:54,30,
516,zedd,3,1,,,,,,,,,,,,,,,22:40:54,32,
517,tip of the iceberg,2,4,,,,,,,,,,,,,,,22:40:47,5,
518,last,1,1,,,,,,,,,,,,,,,22:40:53,28,
519,last 3,2,2,,,,,,,,,,,,,,,22:41:1,55,
520,last summer on carter page,1,5,,,,,,,,,,,,,,,22:40:48,9,
521,üò¢are,1,1,,,,,,,,,,,,,,,22:40:51,19,
522,216th,1,1,,,,,,,,,,,,,,,22:40:49,11,
523,asians,6,1,,,,,,,,,,,,,,,22:40:58,47,
524,cbo,12,1,,,,,,,,,,,,,,,22:40:49,11,
525,anglo celtic australian,1,3,,,,,,,,,,,,,,,22:40:57,42,
526,late flight back,1,3,,,,,,,,,,,,,,,22:40:52,25,
527,carpet,1,1,,,,,,,,,,,,,,,22:40:55,35,
528,california,3,1,,,,,,,,,,,,,,,22:40:51,21,
529,damian maia,4,2,,,,,,,,,,,,,,,22:41:2,58,
530,pocs,2,1,,,,,,,,,,,,,,,22:40:57,42,
531,ignant,1,1,,,,,,,,,,,,,,,22:40:57,42,
532,brazilians,1,1,,,,,,,,,,,,,,,22:41:2,58,
533,books,1,1,,,,,,,,,,,,,,,22:40:54,32,
534,kwazulu,2,1,,,,,,,,,,,,,,,22:40:53,29,
535,announcing,2,1,,,,,,,,,,,,,,,22:40:47,6,
536,boa constrictor,2,2,,,,,,,,,,,,,,,22:41:2,59,
537,hurry,2,1,,,,,,,,,,,,,,,22:40:49,11,
538,conor mcgregor,2,2,,,,,,,,,,,,,,,22:41:0,51,
539,alone,3,1,,,,,,,,,,,,,,,22:40:53,28,
540,wee bum,1,2,,,,,,,,,,,,,,,22:40:51,22,
541,salvador,5,1,,,,,,,,,,,,,,,22:40:52,23,
542,salvador sobral,3,2,,,,,,,,,,,,,,,22:40:52,23,
543,2000s linkin park,2,3,,,,,,,,,,,,,,,22:41:2,59,
544,replace,4,1,,,,,,,,,,,,,,,22:40:49,13,
545,african american,1,2,,,,,,,,,,,,,,,22:40:57,42,
546,african americans,5,2,,,,,,,,,,,,,,,22:40:58,47,
547,rokita,1,1,,,,,,,,,,,,,,,22:40:51,20,
548,district,2,1,,,,,,,,,,,,,,,22:40:57,44,
549,magat,1,1,,,,,,,,,,,,,,,22:40:58,45,
550,really,1,1,,,,,,,,,,,,,,,22:40:54,32,
551,gif,1,1,,,,,,,,,,,,,,,22:40:52,23,
552,dark,2,1,,,,,,,,,,,,,,,22:40:47,5,
553,dark horse,3,2,,,,,,,,,,,,,,,22:40:56,39,
554,flight back,1,2,,,,,,,,,,,,,,,22:40:53,27,
555,slayed,3,1,,,,,,,,,,,,,,,22:40:55,34,
556,otc,1,1,,,,,,,,,,,,,,,22:40:59,50,
557,buzina,1,1,,,,,,,,,,,,,,,22:40:54,31,
558,sowell,1,1,,,,,,,,,,,,,,,22:40:57,44,
559,messenger,1,1,,,,,,,,,,,,,,,22:40:51,19,
560,maryland,2,1,,,,,,,,,,,,,,,22:40:51,19,
561,america,32,1,,,,,,,,,,,,,,,22:40:47,4,
562,america great,2,2,,,,,,,,,,,,,,,22:40:59,50,
563,womd,3,1,,,,,,,,,,,,,,,22:40:51,21,
564,aca,6,1,,,,,,,,,,,,,,,22:40:49,12,
565,people,5,1,,,,,,,,,,,,,,,22:40:50,15,
566,take,2,1,,,,,,,,,,,,,,,22:40:59,48,
567,take the red pill,1,4,,,,,,,,,,,,,,,22:40:52,23,
568,since,1,1,,,,,,,,,,,,,,,22:40:53,27,
569,since the 90-day,1,3,,,,,,,,,,,,,,,22:40:47,6,
570,jews,1,1,,,,,,,,,,,,,,,22:40:59,50,
571,answers,1,1,,,,,,,,,,,,,,,22:41:1,57,
572,jenga,2,1,,,,,,,,,,,,,,,22:40:56,40,
573,ceo of russia oil,1,4,,,,,,,,,,,,,,,22:40:47,3,
574,thetvking,2,1,,,,,,,,,,,,,,,22:40:52,23,
575,nice,1,1,,,,,,,,,,,,,,,22:41:1,56,
576,nice trump,2,2,,,,,,,,,,,,,,,22:40:57,42,
577,gopers,1,1,,,,,,,,,,,,,,,22:40:50,15,
578,jeff sessions,4,2,,,,,,,,,,,,,,,22:40:47,5,
579,soviet russia,1,2,,,,,,,,,,,,,,,22:40:48,8,
580,barack obama,1,2,,,,,,,,,,,,,,,22:40:53,28,
581,titanium,1,1,,,,,,,,,,,,,,,22:40:51,21,
582,titanium by david guetta,2,4,,,,,,,,,,,,,,,22:40:53,27,
583,avril,1,1,,,,,,,,,,,,,,,22:40:54,32,
584,avril lavigne,2,2,,,,,,,,,,,,,,,22:40:54,32,
585,petra,1,1,,,,,,,,,,,,,,,22:40:52,25,
586,twitter,7,1,,,,,,,,,,,,,,,22:40:57,42,
587,tude,1,1,,,,,,,,,,,,,,,22:40:57,43,
588,asian,1,1,,,,,,,,,,,,,,,22:40:58,45,
589,fitch,1,1,,,,,,,,,,,,,,,22:41:0,53,
590,harry,2,1,,,,,,,,,,,,,,,22:40:55,34,
591,racist,1,1,,,,,,,,,,,,,,,22:40:58,47,
592,german,1,1,,,,,,,,,,,,,,,22:40:58,45,
593,meet,1,1,,,,,,,,,,,,,,,22:40:54,33,
594,london,1,1,,,,,,,,,,,,,,,22:40:54,30,
595,hansel robles,1,2,,,,,,,,,,,,,,,22:40:57,43,
596,christians,4,1,,,,,,,,,,,,,,,22:40:49,11,
597,whole eye closed,2,3,,,,,,,,,,,,,,,22:41:2,58,
598,u.s,2,1,,,,,,,,,,,,,,,22:40:48,7,
599,haim's snl,1,2,,,,,,,,,,,,,,,22:40:53,26,
600,octagon,1,1,,,,,,,,,,,,,,,22:41:1,57,
601,twilight,1,1,,,,,,,,,,,,,,,22:40:52,23,
602,nov 2018,1,2,,,,,,,,,,,,,,,22:40:49,11,
603,bosnia,1,1,,,,,,,,,,,,,,,22:40:51,22,
604,lives,1,1,,,,,,,,,,,,,,,22:40:59,50,
605,junior,2,1,,,,,,,,,,,,,,,22:41:2,58,
606,sing,1,1,,,,,,,,,,,,,,,22:40:50,18,
607,affordable care act drove,1,4,,,,,,,,,,,,,,,22:40:49,11,
608,round 2,1,2,,,,,,,,,,,,,,,22:41:0,52,
609,genocide in middle east,3,4,,,,,,,,,,,,,,,22:40:52,23,
610,bleeding hearts,1,2,,,,,,,,,,,,,,,22:40:49,14,
611,potus,1,1,,,,,,,,,,,,,,,22:40:51,20,
612,richie,1,1,,,,,,,,,,,,,,,22:40:50,15,
613,mexican,2,1,,,,,,,,,,,,,,,22:40:57,41,
614,masvidal,56,1,,,,,,,,,,,,,,,22:41:0,52,
615,masvidal on the sherdog forums,2,5,,,,,,,,,,,,,,,22:41:1,55,
616,masvidal ko,1,2,,,,,,,,,,,,,,,22:41:0,52,
617,masvidal by tko,1,3,,,,,,,,,,,,,,,22:41:3,61,
618,migos,1,1,,,,,,,,,,,,,,,22:40:55,34,
619,ptsd,2,1,,,,,,,,,,,,,,,22:40:50,16,
620,british isles,1,2,,,,,,,,,,,,,,,22:40:54,31,
621,2-party msm,1,2,,,,,,,,,,,,,,,22:40:49,11,
622,poc,5,1,,,,,,,,,,,,,,,22:40:57,41,
623,manafort,5,1,,,,,,,,,,,,,,,22:40:46,0,
624,mccanns,2,1,,,,,,,,,,,,,,,22:40:52,24,
625,welterweight,1,1,,,,,,,,,,,,,,,22:41:2,58,
626,malignant republican,1,2,,,,,,,,,,,,,,,22:40:50,17,
627,violet,2,1,,,,,,,,,,,,,,,22:40:54,32,
628,breitbart,2,1,,,,,,,,,,,,,,,22:40:46,1,
629,scared,2,1,,,,,,,,,,,,,,,22:40:56,39,
630,scared to be lonely,3,4,,,,,,,,,,,,,,,22:40:55,34,
631,moldova,3,1,,,,,,,,,,,,,,,22:40:51,22,
632,tb,2,1,,,,,,,,,,,,,,,22:40:58,47,
633,jamala,1,1,,,,,,,,,,,,,,,22:40:51,21,
634,blue,1,1,,,,,,,,,,,,,,,22:40:50,18,
635,royce 2.0,3,2,,,,,,,,,,,,,,,22:41:1,57,
636,mlk,11,1,,,,,,,,,,,,,,,22:40:46,2,
637,mlk jr,1,2,,,,,,,,,,,,,,,22:40:48,9,
638,alex caceres,2,2,,,,,,,,,,,,,,,22:41:1,56,
639,bryce harper,1,2,,,,,,,,,,,,,,,22:40:55,35,
640,rhythm,1,1,,,,,,,,,,,,,,,22:40:56,40,
641,striking,1,1,,,,,,,,,,,,,,,22:41:2,59,
642,rodriguez,3,1,,,,,,,,,,,,,,,22:41:1,55,
643,rodriguez get,3,2,,,,,,,,,,,,,,,22:41:0,53,
644,rodriguez tbh edgar fighted brilliant,2,5,,,,,,,,,,,,,,,22:41:2,58,
645,judge,1,1,,,,,,,,,,,,,,,22:40:47,4,
646,yeezy yeezy,1,2,,,,,,,,,,,,,,,22:40:55,36,
647,imri,2,1,,,,,,,,,,,,,,,22:40:53,26,
648,gone,1,1,,,,,,,,,,,,,,,22:40:55,35,
649,3-car,7,1,,,,,,,,,,,,,,,22:40:49,14,
650,wnyers,2,1,,,,,,,,,,,,,,,22:40:49,11,
651,legal fisa,1,2,,,,,,,,,,,,,,,22:40:47,6,
652,irs,1,1,,,,,,,,,,,,,,,22:40:47,3,
653,kittens,1,1,,,,,,,,,,,,,,,22:40:54,31,
654,jackson wink,1,2,,,,,,,,,,,,,,,22:41:0,51,
655,words,1,1,,,,,,,,,,,,,,,22:40:50,16,
656,darth vader,1,2,,,,,,,,,,,,,,,22:40:48,7,
657,nunes,8,1,,,,,,,,,,,,,,,22:40:46,1,
658,iq,1,1,,,,,,,,,,,,,,,22:40:59,48,
659,mpumalanga,2,1,,,,,,,,,,,,,,,22:40:53,29,
660,swedens,1,1,,,,,,,,,,,,,,,22:40:53,26,
661,better,4,1,,,,,,,,,,,,,,,22:40:50,16,
662,get,4,1,,,,,,,,,,,,,,,22:40:50,18,
663,get married,1,2,,,,,,,,,,,,,,,22:40:56,40,
664,get help,1,2,,,,,,,,,,,,,,,22:40:48,10,
665,whittaker,1,1,,,,,,,,,,,,,,,22:41:0,51,
666,roger pontare,2,2,,,,,,,,,,,,,,,22:40:54,30,
667,icymi,2,1,,,,,,,,,,,,,,,22:40:53,29,
668,bush,1,1,,,,,,,,,,,,,,,22:40:51,19,
669,clintons,2,1,,,,,,,,,,,,,,,22:40:58,47,
670,keitholbermann,1,1,,,,,,,,,,,,,,,22:40:48,9,
671,hq,1,1,,,,,,,,,,,,,,,22:40:56,38,
672,family services,4,2,,,,,,,,,,,,,,,22:40:49,14,
673,personal bankruptcy,1,2,,,,,,,,,,,,,,,22:40:49,11,
674,trumped,1,1,,,,,,,,,,,,,,,22:40:58,47,
675,fire,1,1,,,,,,,,,,,,,,,22:41:2,58,
676,217-213,1,1,,,,,,,,,,,,,,,22:40:49,11,
677,the human cellophane,1,3,,,,,,,,,,,,,,,22:41:2,58,
678,the answer,1,2,,,,,,,,,,,,,,,22:41:1,57,
679,the house republicans,1,3,,,,,,,,,,,,,,,22:40:50,16,
680,the sleep-inducing backpack,1,3,,,,,,,,,,,,,,,22:41:1,55,
681,sweeter,3,1,,,,,,,,,,,,,,,22:40:50,15,
682,greet,1,1,,,,,,,,,,,,,,,22:40:54,33,
683,deal,1,1,,,,,,,,,,,,,,,22:40:56,40,
684,sports,3,1,,,,,,,,,,,,,,,22:41:1,56,
685,us,7,1,,,,,,,,,,,,,,,22:40:46,0,
686,us senate,1,2,,,,,,,,,,,,,,,22:40:49,13,
687,exploded,2,1,,,,,,,,,,,,,,,22:40:53,27,
688,maia,112,1,,,,,,,,,,,,,,,22:41:0,51,
689,maia with the linkin park,1,5,,,,,,,,,,,,,,,22:41:1,55,
690,australian,11,1,,,,,,,,,,,,,,,22:40:51,22,
691,god,18,1,,,,,,,,,,,,,,,22:40:48,10,
692,god rodriguez,1,2,,,,,,,,,,,,,,,22:41:0,52,
693,jacked,2,1,,,,,,,,,,,,,,,22:41:2,59,
694,katy perry performing,1,3,,,,,,,,,,,,,,,22:40:55,36,
695,2 usa legally,2,3,,,,,,,,,,,,,,,22:40:57,41,
696,2 russia,1,2,,,,,,,,,,,,,,,22:40:46,1,
697,2 dems,1,2,,,,,,,,,,,,,,,22:40:50,15,
698,opposition rally,2,2,,,,,,,,,,,,,,,22:40:51,19,
699,trump's foreign policy advisor,1,4,,,,,,,,,,,,,,,22:40:48,9,
700,wannabe diaz,2,2,,,,,,,,,,,,,,,22:41:2,58,
701,ready,2,1,,,,,,,,,,,,,,,22:40:54,32,
702,acting atty general,1,3,,,,,,,,,,,,,,,22:40:47,3,
703,latino,1,1,,,,,,,,,,,,,,,22:40:59,49,
704,miah,1,1,,,,,,,,,,,,,,,22:41:0,51,
705,parab√©ns,1,1,,,,,,,,,,,,,,,22:40:52,23,
706,nina,3,1,,,,,,,,,,,,,,,22:41:2,58,
707,shows,1,1,,,,,,,,,,,,,,,22:40:49,13,
708,cowboys,1,1,,,,,,,,,,,,,,,22:41:1,57,
709,bath,1,1,,,,,,,,,,,,,,,22:40:53,29,
710,camila,3,1,,,,,,,,,,,,,,,22:40:55,34,
711,camila cabello,1,2,,,,,,,,,,,,,,,22:40:55,36,
712,netanyahu,1,1,,,,,,,,,,,,,,,22:40:51,21,
713,va,1,1,,,,,,,,,,,,,,,22:40:48,9,
714,almost,1,1,,,,,,,,,,,,,,,22:40:49,13,
715,woodley,4,1,,,,,,,,,,,,,,,22:40:55,36,
716,probable,1,1,,,,,,,,,,,,,,,22:40:46,2,
717,obamacare,23,1,,,,,,,,,,,,,,,22:40:49,11,
718,obamacare repeal vote,1,3,,,,,,,,,,,,,,,22:40:50,18,
719,obamacare deplorable,1,2,,,,,,,,,,,,,,,22:40:51,21,
720,ouch,1,1,,,,,,,,,,,,,,,22:41:0,52,
721,best,3,1,,,,,,,,,,,,,,,22:40:54,32,
722,best eurovision,1,2,,,,,,,,,,,,,,,22:40:52,22,
723,performing,1,1,,,,,,,,,,,,,,,22:40:54,32,
724,performing the song with liam,1,5,,,,,,,,,,,,,,,22:40:54,31,
725,100-150,1,1,,,,,,,,,,,,,,,22:40:59,48,
726,watching edgar,1,2,,,,,,,,,,,,,,,22:41:1,56,
727,yt13 add42497,1,2,,,,,,,,,,,,,,,22:40:53,29,
728,humor,3,1,,,,,,,,,,,,,,,22:40:46,2,
729,arse-bearer,1,1,,,,,,,,,,,,,,,22:40:53,28,
730,libnazi,1,1,,,,,,,,,,,,,,,22:40:49,14,
731,funny puppy drinking milk,1,4,,,,,,,,,,,,,,,22:40:55,37,
732,read,8,1,,,,,,,,,,,,,,,22:40:48,10,
733,gamebredfighter,2,1,,,,,,,,,,,,,,,22:41:1,56,
734,lee lin,3,2,,,,,,,,,,,,,,,22:40:52,25,
735,sia,3,1,,,,,,,,,,,,,,,22:40:53,27,
736,white,7,1,,,,,,,,,,,,,,,22:40:58,45,
737,white people,3,2,,,,,,,,,,,,,,,22:40:58,45,
738,white power,1,2,,,,,,,,,,,,,,,22:40:59,49,
739,white house,5,2,,,,,,,,,,,,,,,22:40:46,1,
740,white supremacists,1,2,,,,,,,,,,,,,,,22:40:58,45,
741,oaklettes learn,2,2,,,,,,,,,,,,,,,22:40:54,32,
742,coulter,1,1,,,,,,,,,,,,,,,22:41:3,61,
743,whatcha,3,1,,,,,,,,,,,,,,,22:40:52,22,
744,got,3,1,,,,,,,,,,,,,,,22:41:0,52,
745,got barfy cam,1,3,,,,,,,,,,,,,,,22:40:48,8,
746,finally a special prosecutor,2,4,,,,,,,,,,,,,,,22:40:48,8,
747,dems,15,1,,,,,,,,,,,,,,,22:40:46,0,
748,europeans,3,1,,,,,,,,,,,,,,,22:40:52,23,
749,govt,2,1,,,,,,,,,,,,,,,22:40:56,41,
750,guilt,1,1,,,,,,,,,,,,,,,22:40:59,51,
751,scottish,2,1,,,,,,,,,,,,,,,22:40:58,45,
752,asshats,1,1,,,,,,,,,,,,,,,22:40:51,19,
753,on the loose,9,3,,,,,,,,,,,,,,,22:40:54,31,
754,himmel och hav,2,3,,,,,,,,,,,,,,,22:40:54,30,
755,first,3,1,,,,,,,,,,,,,,,22:40:49,12,
756,first time,3,2,,,,,,,,,,,,,,,22:40:56,38,
757,arriba,2,1,,,,,,,,,,,,,,,22:41:1,55,
758,died,1,1,,,,,,,,,,,,,,,22:40:55,35,
759,russian,29,1,,,,,,,,,,,,,,,22:40:46,2,
760,russian agent,1,2,,,,,,,,,,,,,,,22:40:47,5,
761,diane abbott,2,2,,,,,,,,,,,,,,,22:40:53,26,
762,susan rice,7,2,,,,,,,,,,,,,,,22:40:46,0,
763,michael savage,1,2,,,,,,,,,,,,,,,22:40:49,13,
764,rice,8,1,,,,,,,,,,,,,,,22:40:46,1,
765,kells,1,1,,,,,,,,,,,,,,,22:40:56,38,
766,sims city,1,2,,,,,,,,,,,,,,,22:40:49,14,
767,makes,1,1,,,,,,,,,,,,,,,22:40:53,29,
768,bbc news,1,2,,,,,,,,,,,,,,,22:40:53,28,
769,planned parenthood,1,2,,,,,,,,,,,,,,,22:40:58,45,
770,andy biggs,1,2,,,,,,,,,,,,,,,22:40:50,16,
771,hey hey goodbye,2,3,,,,,,,,,,,,,,,22:40:51,20,
772,remember the dreamworks,3,3,,,,,,,,,,,,,,,22:40:52,24,
773,donors,2,1,,,,,,,,,,,,,,,22:40:59,48,
774,45ers,2,1,,,,,,,,,,,,,,,22:41:0,52,
775,whitehouse,2,1,,,,,,,,,,,,,,,22:40:46,1,
776,wv,2,1,,,,,,,,,,,,,,,22:40:49,13,
777,fox news,2,2,,,,,,,,,,,,,,,22:40:46,1,
778,niall,34,1,,,,,,,,,,,,,,,22:40:54,31,
779,niall „Äêfr,1,2,,,,,,,,,,,,,,,22:40:55,37,
780,niall horan,4,2,,,,,,,,,,,,,,,22:40:54,31,
781,aldo-holloway,2,1,,,,,,,,,,,,,,,22:41:2,58,
782,it aint my fault,1,4,,,,,,,,,,,,,,,22:40:55,35,
783,brand new moves,1,3,,,,,,,,,,,,,,,22:40:54,32,
784,gareth bale,1,2,,,,,,,,,,,,,,,22:40:53,29,
785,happy,2,1,,,,,,,,,,,,,,,22:40:50,18,
786,happy birthday,1,2,,,,,,,,,,,,,,,22:40:56,39,
787,care,1,1,,,,,,,,,,,,,,,22:40:50,15,
788,weiner,2,1,,,,,,,,,,,,,,,22:40:47,3,
789,western,4,1,,,,,,,,,,,,,,,22:40:59,49,
790,western cape,3,2,,,,,,,,,,,,,,,22:40:53,29,
791,mcdonald,1,1,,,,,,,,,,,,,,,22:40:48,9,
792,wash post,1,2,,,,,,,,,,,,,,,22:40:48,7,
793,euro,5,1,,,,,,,,,,,,,,,22:40:52,22,
794,future speaker,1,2,,,,,,,,,,,,,,,22:40:51,19,
795,fool-aid,1,1,,,,,,,,,,,,,,,22:40:59,48,
796,2015 modular phone,1,3,,,,,,,,,,,,,,,22:40:56,39,
797,2015 outfit,1,2,,,,,,,,,,,,,,,22:40:55,37,
798,hr,1,1,,,,,,,,,,,,,,,22:40:50,15,
799,guy,3,1,,,,,,,,,,,,,,,22:40:48,8,
800,go,2,1,,,,,,,,,,,,,,,22:40:47,3,
801,sunshine,1,1,,,,,,,,,,,,,,,22:40:54,32,
802,looks,4,1,,,,,,,,,,,,,,,22:40:46,0,
803,report,2,1,,,,,,,,,,,,,,,22:40:47,5,
804,wait carter page,2,3,,,,,,,,,,,,,,,22:40:48,7,
805,classic,1,1,,,,,,,,,,,,,,,22:41:3,61,
806,oil deals with russia,2,4,,,,,,,,,,,,,,,22:40:48,8,
807,christianity,1,1,,,,,,,,,,,,,,,22:40:50,17,
808,mary,4,1,,,,,,,,,,,,,,,22:40:59,50,
809,sad+bad,1,1,,,,,,,,,,,,,,,22:40:51,19,
810,starving,1,1,,,,,,,,,,,,,,,22:40:56,38,
811,c√©line dion,1,2,,,,,,,,,,,,,,,22:40:53,29,
812,uk,16,1,,,,,,,,,,,,,,,22:40:52,23,
813,nialler,1,1,,,,,,,,,,,,,,,22:40:54,31,
814,fundraising,1,1,,,,,,,,,,,,,,,22:40:51,19,
815,greece,1,1,,,,,,,,,,,,,,,22:40:53,26,
816,o'care,2,1,,,,,,,,,,,,,,,22:40:49,12,
817,awesome,2,1,,,,,,,,,,,,,,,22:40:49,14,
818,arn anderson,1,2,,,,,,,,,,,,,,,22:41:1,55,
819,bjj,3,1,,,,,,,,,,,,,,,22:41:0,54,
820,bjj by maia,1,3,,,,,,,,,,,,,,,22:41:0,52,
821,learn,2,1,,,,,,,,,,,,,,,22:40:59,48,
822,spring,1,1,,,,,,,,,,,,,,,22:40:53,26,
823,buy,3,1,,,,,,,,,,,,,,,22:40:48,10,
824,buy $bvtk,2,2,,,,,,,,,,,,,,,22:40:59,50,
825,killed,2,1,,,,,,,,,,,,,,,22:40:56,39,
826,beautiful prince,1,2,,,,,,,,,,,,,,,22:40:54,33,
827,lord vader,2,2,,,,,,,,,,,,,,,22:40:50,16,
828,acid attacks,2,2,,,,,,,,,,,,,,,22:40:53,29,
829,christian,7,1,,,,,,,,,,,,,,,22:40:49,14,
830,wcs,2,1,,,,,,,,,,,,,,,22:40:55,34,
831,flaca,1,1,,,,,,,,,,,,,,,22:40:55,37,
832,adam,3,1,,,,,,,,,,,,,,,22:40:54,33,
833,adam levine's new girlfriend,1,4,,,,,,,,,,,,,,,22:40:55,36,
834,prince,8,1,,,,,,,,,,,,,,,22:40:54,32,
835,prince kushner,1,2,,,,,,,,,,,,,,,22:40:48,10,
836,australians,2,1,,,,,,,,,,,,,,,22:40:52,22,
837,tinker taylor soldier spicoli,1,4,,,,,,,,,,,,,,,22:40:48,8,
838,2nd,5,1,,,,,,,,,,,,,,,22:40:53,28,
839,latest,1,1,,,,,,,,,,,,,,,22:40:47,6,
840,loyal gop,1,2,,,,,,,,,,,,,,,22:40:50,17,
841,conversation page,3,2,,,,,,,,,,,,,,,22:40:47,6,
842,j.j. watt,1,2,,,,,,,,,,,,,,,22:40:58,46,
843,big,5,1,,,,,,,,,,,,,,,22:40:47,3,
844,big homie stipe,1,3,,,,,,,,,,,,,,,22:41:2,58,
845,bad,1,1,,,,,,,,,,,,,,,22:40:57,42,
846,bad things,6,2,,,,,,,,,,,,,,,22:40:54,31,
847,9th,2,1,,,,,,,,,,,,,,,22:40:53,29,
848,er,2,1,,,,,,,,,,,,,,,22:40:48,10,
849,un secgen,1,2,,,,,,,,,,,,,,,22:40:52,22,
850,blacks,2,1,,,,,,,,,,,,,,,22:40:57,43,
851,25th,3,1,,,,,,,,,,,,,,,22:40:53,27,
852,voice,1,1,,,,,,,,,,,,,,,22:40:50,16,
853,fotn,1,1,,,,,,,,,,,,,,,22:41:3,61,
854,woke,1,1,,,,,,,,,,,,,,,22:40:58,47,
855,david,2,1,,,,,,,,,,,,,,,22:40:53,27,
856,david branch,2,2,,,,,,,,,,,,,,,22:41:1,55,
857,tko,6,1,,,,,,,,,,,,,,,22:41:0,52,
858,look,2,1,,,,,,,,,,,,,,,22:40:48,7,
859,look full photo,3,3,,,,,,,,,,,,,,,22:40:56,40,
860,james bond,1,2,,,,,,,,,,,,,,,22:40:46,2,
861,james comey,5,2,,,,,,,,,,,,,,,22:40:46,1,
862,600k rep,3,2,,,,,,,,,,,,,,,22:40:57,44,
863,winning,1,1,,,,,,,,,,,,,,,22:40:49,13,
864,1 trillion medicaid,1,3,,,,,,,,,,,,,,,22:40:49,12,
865,affirmative action,1,2,,,,,,,,,,,,,,,22:40:57,44,
866,devin nunes,6,2,,,,,,,,,,,,,,,22:40:47,3,
867,black,5,1,,,,,,,,,,,,,,,22:40:57,44,
868,black people,3,2,,,,,,,,,,,,,,,22:40:57,42,
869,black guy dies first,1,4,,,,,,,,,,,,,,,22:40:58,47,
870,lbj,1,1,,,,,,,,,,,,,,,22:40:57,42,
871,general office,2,2,,,,,,,,,,,,,,,22:40:53,29,
872,natal,2,1,,,,,,,,,,,,,,,22:40:53,29,
873,copy,2,1,,,,,,,,,,,,,,,22:40:58,46,
874,jd,2,1,,,,,,,,,,,,,,,22:40:46,1,
875,dolly parton,1,2,,,,,,,,,,,,,,,22:40:55,35,
876,political suicide,1,2,,,,,,,,,,,,,,,22:40:50,15,
877,rme,1,1,,,,,,,,,,,,,,,22:40:58,46,
878,panthers,3,1,,,,,,,,,,,,,,,22:40:59,48,
879,answer,3,1,,,,,,,,,,,,,,,22:40:50,15,
880,üö´h8,2,1,,,,,,,,,,,,,,,22:40:59,48,
881,wrestlemania,1,1,,,,,,,,,,,,,,,22:40:53,26,
882,gignac,1,1,,,,,,,,,,,,,,,22:40:57,43,
883,jessica andrade,1,2,,,,,,,,,,,,,,,22:41:1,57,
884,hate,2,1,,,,,,,,,,,,,,,22:40:57,42,
885,hate white people,2,3,,,,,,,,,,,,,,,22:40:58,46,
886,intel,2,1,,,,,,,,,,,,,,,22:40:46,2,
887,sounders,1,1,,,,,,,,,,,,,,,22:40:57,43,
888,cnn,6,1,,,,,,,,,,,,,,,22:40:47,5,
889,cnn house republicans,1,3,,,,,,,,,,,,,,,22:40:50,15,
890,dnc,6,1,,,,,,,,,,,,,,,22:40:49,14,
891,dustin poirier,1,2,,,,,,,,,,,,,,,22:41:2,58,
892,murderous boss,4,2,,,,,,,,,,,,,,,22:40:50,16,
893,force,1,1,,,,,,,,,,,,,,,22:40:51,21,
894,machine gun kelly,2,3,,,,,,,,,,,,,,,22:40:55,37,
895,holloway,1,1,,,,,,,,,,,,,,,22:41:2,59,
896,medicaid 4,2,2,,,,,,,,,,,,,,,22:40:49,12,
897,four,2,1,,,,,,,,,,,,,,,22:41:0,52,
898,spicer's hitler,3,2,,,,,,,,,,,,,,,22:40:47,6,
899,rio,1,1,,,,,,,,,,,,,,,22:41:2,59,
900,top spanish,1,2,,,,,,,,,,,,,,,22:40:52,22,
901,top news,1,2,,,,,,,,,,,,,,,22:40:47,6,
902,top social artist award army,1,5,,,,,,,,,,,,,,,22:40:54,30,
903,rotherham,1,1,,,,,,,,,,,,,,,22:40:54,30,
904,gamebread 3,1,2,,,,,,,,,,,,,,,22:41:2,58,
905,tango,1,1,,,,,,,,,,,,,,,22:40:54,32,
906,representatives,1,1,,,,,,,,,,,,,,,22:40:49,12,
907,we cant stop,1,3,,,,,,,,,,,,,,,22:40:55,35,
908,pay the pricehouse republicans,1,4,,,,,,,,,,,,,,,22:40:50,17,
909,loose,4,1,,,,,,,,,,,,,,,22:40:55,36,
910,single,1,1,,,,,,,,,,,,,,,22:41:2,60,
911,single country,2,2,,,,,,,,,,,,,,,22:40:52,24,
912,single day,1,2,,,,,,,,,,,,,,,22:40:58,47,
913,ruslana,1,1,,,,,,,,,,,,,,,22:40:52,25,
914,dc,2,1,,,,,,,,,,,,,,,22:41:0,54,
915,m5,1,1,,,,,,,,,,,,,,,22:40:55,36,
916,victory,1,1,,,,,,,,,,,,,,,22:41:1,55,
917,currently,1,1,,,,,,,,,,,,,,,22:40:57,43,
918,clumsy baby elephant,1,3,,,,,,,,,,,,,,,22:40:56,39,
919,stomp-on-history,1,1,,,,,,,,,,,,,,,22:40:48,8,
920,gameb,1,1,,,,,,,,,,,,,,,22:41:2,58,
921,alessia,2,1,,,,,,,,,,,,,,,22:40:54,32,
922,alessia cara,1,2,,,,,,,,,,,,,,,22:40:55,35,
923,hilary,1,1,,,,,,,,,,,,,,,22:40:48,9,
924,steele the savior,1,3,,,,,,,,,,,,,,,22:40:46,0,
925,george,3,1,,,,,,,,,,,,,,,22:40:46,0,
926,george soros,6,2,,,,,,,,,,,,,,,22:40:53,27,
927,ne,3,1,,,,,,,,,,,,,,,22:40:49,14,
928,djt,7,1,,,,,,,,,,,,,,,22:40:47,4,
929,kayla,1,1,,,,,,,,,,,,,,,22:40:58,46,
930,business,1,1,,,,,,,,,,,,,,,22:41:0,52,
931,asshole yellow belly,1,3,,,,,,,,,,,,,,,22:40:46,2,
932,d.o.a,2,1,,,,,,,,,,,,,,,22:40:49,11,
933,spicy,2,1,,,,,,,,,,,,,,,22:40:46,1,
934,obamagate,1,1,,,,,,,,,,,,,,,22:40:48,8,
935,cc1,1,1,,,,,,,,,,,,,,,22:40:55,34,
936,eminem,1,1,,,,,,,,,,,,,,,22:41:1,56,
937,democrats,9,1,,,,,,,,,,,,,,,22:40:49,11,
938,linkinpark,1,1,,,,,,,,,,,,,,,22:41:3,61,
939,usa,5,1,,,,,,,,,,,,,,,22:40:47,4,
940,bon app√©tit,2,2,,,,,,,,,,,,,,,22:40:54,33,
941,bon appetit,1,2,,,,,,,,,,,,,,,22:40:55,35,
942,come on damien maia,2,4,,,,,,,,,,,,,,,22:41:2,60,
943,rosneft,1,1,,,,,,,,,,,,,,,22:40:48,7,
944,stupid,1,1,,,,,,,,,,,,,,,22:40:48,9,
945,moon,2,1,,,,,,,,,,,,,,,22:40:51,22,
946,24 gop,2,2,,,,,,,,,,,,,,,22:40:49,13,
947,24 house republicans,1,3,,,,,,,,,,,,,,,22:40:50,15,
948,firework,2,1,,,,,,,,,,,,,,,22:40:55,37,
949,hrc,6,1,,,,,,,,,,,,,,,22:40:46,2,
950,ts maia,1,2,,,,,,,,,,,,,,,22:41:1,57,
951,eleventeen,1,1,,,,,,,,,,,,,,,22:40:53,26,
952,holocaust,2,1,,,,,,,,,,,,,,,22:40:58,45,
953,holocaust centers,2,2,,,,,,,,,,,,,,,22:40:47,6,
954,spicer,4,1,,,,,,,,,,,,,,,22:40:46,2,
955,think carter page,3,3,,,,,,,,,,,,,,,22:40:48,8,
956,heaven,1,1,,,,,,,,,,,,,,,22:40:55,35,
957,anti-white bots trying,1,3,,,,,,,,,,,,,,,22:40:59,51,
958,dt,3,1,,,,,,,,,,,,,,,22:40:46,2,
959,u.k,2,1,,,,,,,,,,,,,,,22:40:52,25,
960,amor,1,1,,,,,,,,,,,,,,,22:40:52,23,
961,jj,2,1,,,,,,,,,,,,,,,22:41:0,52,
962,mmafightingedgar 10-9,2,2,,,,,,,,,,,,,,,22:41:0,52,
963,joke,2,1,,,,,,,,,,,,,,,22:40:50,16,
964,africans,4,1,,,,,,,,,,,,,,,22:40:58,46,
965,sounds,1,1,,,,,,,,,,,,,,,22:40:53,27,
966,getting,1,1,,,,,,,,,,,,,,,22:40:50,15,
967,poland's 2014,1,2,,,,,,,,,,,,,,,22:40:53,26,
968,chipmunk stretches in the morning,1,5,,,,,,,,,,,,,,,22:40:54,31,
969,leverage,1,1,,,,,,,,,,,,,,,22:40:51,19,
970,united,3,1,,,,,,,,,,,,,,,22:40:46,1,
971,united kingdom,4,2,,,,,,,,,,,,,,,22:40:54,30,
972,united airlines,1,2,,,,,,,,,,,,,,,22:40:47,3,
973,united states,1,2,,,,,,,,,,,,,,,22:40:47,6,
974,united states of east america,3,5,,,,,,,,,,,,,,,22:40:49,13,
975,united states of west america,3,5,,,,,,,,,,,,,,,22:40:49,13,
976,united states foreign intelligence surveillance court,1,6,,,,,,,,,,,,,,,22:40:47,4,
977,auntie,1,1,,,,,,,,,,,,,,,22:40:48,8,
978,el joven diario,2,3,,,,,,,,,,,,,,,22:40:52,23,
979,jorge,11,1,,,,,,,,,,,,,,,22:41:0,51,
980,jorge masvidal,7,2,,,,,,,,,,,,,,,22:41:0,51,
981,4 uber,2,2,,,,,,,,,,,,,,,22:41:0,53,
982,tj,1,1,,,,,,,,,,,,,,,22:41:2,59,
983,disappointed with ca,2,3,,,,,,,,,,,,,,,22:40:49,12,
984,joanna,1,1,,,,,,,,,,,,,,,22:41:2,58,
985,joanna jedrzejczyk,1,2,,,,,,,,,,,,,,,22:41:1,57,
986,24m,1,1,,,,,,,,,,,,,,,22:40:50,18,
987,britain,1,1,,,,,,,,,,,,,,,22:40:53,26,
988,actually,2,1,,,,,,,,,,,,,,,22:40:50,16,
989,actually australia,1,2,,,,,,,,,,,,,,,22:40:53,29,
990,campaign manager manaford,1,3,,,,,,,,,,,,,,,22:40:47,5,
991,rashad coulter,1,2,,,,,,,,,,,,,,,22:41:0,54,
992,don,2,1,,,,,,,,,,,,,,,22:40:48,7,
993,don the con,1,3,,,,,,,,,,,,,,,22:40:48,9,
994,watch,2,1,,,,,,,,,,,,,,,22:40:55,37,
995,watch ufc 211,2,3,,,,,,,,,,,,,,,22:41:2,58,
996,sleepy lion cubs,1,3,,,,,,,,,,,,,,,22:40:54,31,
997,dana,1,1,,,,,,,,,,,,,,,22:41:0,54,
998,max,1,1,,,,,,,,,,,,,,,22:40:55,36,
999,superior spa,1,2,,,,,,,,,,,,,,,22:40:53,29,
1000,irish,2,1,,,,,,,,,,,,,,,22:40:58,45,
1001,nazi,2,1,,,,,,,,,,,,,,,22:40:46,2,
1002,islam,1,1,,,,,,,,,,,,,,,22:40:54,30,
1003,kiev,1,1,,,,,,,,,,,,,,,22:40:54,30,
1004,dem,2,1,,,,,,,,,,,,,,,22:40:47,5,
1005,dem sorosian,1,2,,,,,,,,,,,,,,,22:40:46,0,
1006,republican,5,1,,,,,,,,,,,,,,,22:40:49,13,
1007,republican fbi director comey refused,1,5,,,,,,,,,,,,,,,22:40:47,6,
1008,republican obamacare,1,2,,,,,,,,,,,,,,,22:40:50,18,
1009,republican party,1,2,,,,,,,,,,,,,,,22:40:59,48,
1010,sheeple,1,1,,,,,,,,,,,,,,,22:40:59,48,
1011,interim 135,1,2,,,,,,,,,,,,,,,22:41:2,59,
1012,agent 47 of ufc,1,4,,,,,,,,,,,,,,,22:41:1,55,
1013,roar,1,1,,,,,,,,,,,,,,,22:40:56,40,
1014,infidels,1,1,,,,,,,,,,,,,,,22:40:53,27,
1015,ic,1,1,,,,,,,,,,,,,,,22:40:48,9,
1016,treason,1,1,,,,,,,,,,,,,,,22:40:46,2,
1017,arab,1,1,,,,,,,,,,,,,,,22:40:52,22,
1018,shit,1,1,,,,,,,,,,,,,,,22:40:54,32,
1019,muslim,5,1,,,,,,,,,,,,,,,22:40:57,43,
1020,muslim in america,2,3,,,,,,,,,,,,,,,22:40:54,30,
1021,gopher,2,1,,,,,,,,,,,,,,,22:40:57,43,
1022,congressional house,1,2,,,,,,,,,,,,,,,22:40:50,16,
1023,congressional gopers,1,2,,,,,,,,,,,,,,,22:40:50,18,
1024,payno,2,1,,,,,,,,,,,,,,,22:40:54,31,
1025,miley,11,1,,,,,,,,,,,,,,,22:40:54,32,
1026,asha,1,1,,,,,,,,,,,,,,,22:40:54,32,
1027,let's go crazy,5,3,,,,,,,,,,,,,,,22:40:55,34,
1028,congressmen,5,1,,,,,,,,,,,,,,,22:40:50,17,
1029,bulgarian,1,1,,,,,,,,,,,,,,,22:40:51,21,
1030,numb,13,1,,,,,,,,,,,,,,,22:41:0,51,
1031,numb by linkin park,2,4,,,,,,,,,,,,,,,22:41:0,53,
1032,vets,1,1,,,,,,,,,,,,,,,22:40:51,20,
1033,shameful suicide pact,1,3,,,,,,,,,,,,,,,22:40:50,16,
1034,4th-story,1,1,,,,,,,,,,,,,,,22:40:46,0,
1035,msm,4,1,,,,,,,,,,,,,,,22:40:47,3,
1036,vladimir caddie,3,2,,,,,,,,,,,,,,,22:40:57,43,
1037,daniel cormier,5,2,,,,,,,,,,,,,,,22:41:0,52,
1038,beast,3,1,,,,,,,,,,,,,,,22:41:0,54,
1039,20-17,2,1,,,,,,,,,,,,,,,22:41:0,52,
1040,bogus,1,1,,,,,,,,,,,,,,,22:40:46,2,
1041,trumps,1,1,,,,,,,,,,,,,,,22:40:48,9,
1042,enforcer,1,1,,,,,,,,,,,,,,,22:41:1,55,
1043,dm,2,1,,,,,,,,,,,,,,,22:41:1,55,
1044,liberals,3,1,,,,,,,,,,,,,,,22:40:57,42,
1045,gauteng,4,1,,,,,,,,,,,,,,,22:40:53,29,
1046,7 irish,1,2,,,,,,,,,,,,,,,22:40:54,30,
1047,trump-putin collusion ship,2,3,,,,,,,,,,,,,,,22:40:47,5,
1048,putin,1,1,,,,,,,,,,,,,,,22:40:47,6,
1049,putin puppet show,4,3,,,,,,,,,,,,,,,22:40:46,2,
1050,proud,10,1,,,,,,,,,,,,,,,22:40:54,31,
1051,warrant on carter page,6,4,,,,,,,,,,,,,,,22:40:47,3,
1052,buzzfeed germany,1,2,,,,,,,,,,,,,,,22:40:53,28,
1053,sheila jackson,2,2,,,,,,,,,,,,,,,22:40:59,49,
1054,north america,1,2,,,,,,,,,,,,,,,22:40:58,45,
1055,north cork,2,2,,,,,,,,,,,,,,,22:40:52,24,
1056,linking park,1,2,,,,,,,,,,,,,,,22:41:0,53,
1057,moscow,4,1,,,,,,,,,,,,,,,22:40:47,6,
1058,37.7t,1,1,,,,,,,,,,,,,,,22:40:55,37,
1059,italian,1,1,,,,,,,,,,,,,,,22:40:51,21,
1060,lynch,8,1,,,,,,,,,,,,,,,22:40:46,1,
1061,dow,1,1,,,,,,,,,,,,,,,22:40:57,43,
1062,adele,1,1,,,,,,,,,,,,,,,22:40:53,28,
1063,vote,3,1,,,,,,,,,,,,,,,22:40:49,11,
1064,tease,2,1,,,,,,,,,,,,,,,22:40:47,3,
1065,dope,1,1,,,,,,,,,,,,,,,22:41:1,57,
1066,higher deductible,2,2,,,,,,,,,,,,,,,22:40:49,14,
1067,amanda,4,1,,,,,,,,,,,,,,,22:40:54,32,
1068,3rd,3,1,,,,,,,,,,,,,,,22:40:53,28,
1069,nc,2,1,,,,,,,,,,,,,,,22:40:49,14,
1070,chester,1,1,,,,,,,,,,,,,,,22:40:53,29,
1071,chester bennington,1,2,,,,,,,,,,,,,,,22:41:2,59,
1072,matt brown,1,2,,,,,,,,,,,,,,,22:41:2,59,
1073,government,2,1,,,,,,,,,,,,,,,22:40:59,50,
1074,con,1,1,,,,,,,,,,,,,,,22:40:59,49,
1075,stop,3,1,,,,,,,,,,,,,,,22:40:54,32,
1076,stop playing,2,2,,,,,,,,,,,,,,,22:40:50,17,
1077,stop drinking the left,1,4,,,,,,,,,,,,,,,22:40:59,48,
1078,simpsons,1,1,,,,,,,,,,,,,,,22:40:52,25,
1079,co,1,1,,,,,,,,,,,,,,,22:40:47,3,
1080,trump,179,1,,,,,,,,,,,,,,,22:40:46,0,
1081,trump coffins,1,2,,,,,,,,,,,,,,,22:40:50,16,
1082,trump loved carter page,3,4,,,,,,,,,,,,,,,22:40:47,6,
1083,trump tower,2,2,,,,,,,,,,,,,,,22:40:46,0,
1084,tillerson,2,1,,,,,,,,,,,,,,,22:40:47,3,
1085,russia-linked trump,1,2,,,,,,,,,,,,,,,22:40:47,4,
1086,chris hayes,3,2,,,,,,,,,,,,,,,22:40:46,0,
1087,chris pratt,1,2,,,,,,,,,,,,,,,22:40:56,39,
1088,europe,14,1,,,,,,,,,,,,,,,22:40:50,17,
1089,90-day,2,1,,,,,,,,,,,,,,,22:40:48,7,
1090,write,1,1,,,,,,,,,,,,,,,22:40:49,13,
1091,arc responds,1,2,,,,,,,,,,,,,,,22:40:49,13,
1092,bruce buffer,1,2,,,,,,,,,,,,,,,22:41:0,52,
1093,rick story,1,2,,,,,,,,,,,,,,,22:41:2,58,
1094,spain,1,1,,,,,,,,,,,,,,,22:40:51,21,
1095,kool-aid,1,1,,,,,,,,,,,,,,,22:40:59,50,
1096,lisbon,1,1,,,,,,,,,,,,,,,22:40:53,28,
1097,paid higher premiums,3,3,,,,,,,,,,,,,,,22:40:49,14,
1098,friendship,1,1,,,,,,,,,,,,,,,22:40:56,40,
1099,reverse racism,1,2,,,,,,,,,,,,,,,22:40:57,42,
1100,evidence,2,1,,,,,,,,,,,,,,,22:40:46,2,
1101,rich,2,1,,,,,,,,,,,,,,,22:40:49,14,
1102,assholes great,1,2,,,,,,,,,,,,,,,22:40:59,49,
1103,justice,3,1,,,,,,,,,,,,,,,22:40:48,7,
1104,justice department,2,2,,,,,,,,,,,,,,,22:40:46,2,
1105,mcgregor,1,1,,,,,,,,,,,,,,,22:41:0,53,
1106,cute miley,1,2,,,,,,,,,,,,,,,22:40:55,37,
1107,eric allen bell,2,3,,,,,,,,,,,,,,,22:40:58,46,
1108,obama,24,1,,,,,,,,,,,,,,,22:40:46,0,
1109,obama admin,1,2,,,,,,,,,,,,,,,22:40:47,4,
1110,obama ck,1,2,,,,,,,,,,,,,,,22:40:48,9,
1111,obama team,1,2,,,,,,,,,,,,,,,22:40:48,10,
1112,one,3,1,,,,,,,,,,,,,,,22:40:49,12,
1113,martin luther king,2,3,,,,,,,,,,,,,,,22:40:47,3,
1114,martin luther king jr,1,4,,,,,,,,,,,,,,,22:40:59,51,
1115,darrell issa,2,2,,,,,,,,,,,,,,,22:40:51,19,
1116,brilliant,3,1,,,,,,,,,,,,,,,22:40:53,27,
1117,brilliant recreation,1,2,,,,,,,,,,,,,,,22:40:56,39,
1118,cankles,1,1,,,,,,,,,,,,,,,22:40:57,43,
1119,malibu,5,1,,,,,,,,,,,,,,,22:40:54,33,
1120,sean spicer,16,2,,,,,,,,,,,,,,,22:40:46,0,
1121,sean spicer on hitler,1,4,,,,,,,,,,,,,,,22:40:47,5,
1122,sean spicer carter page,1,4,,,,,,,,,,,,,,,22:40:47,3,
1123,o'reilly,1,1,,,,,,,,,,,,,,,22:40:48,9,
1124,july,2,1,,,,,,,,,,,,,,,22:41:0,52,
1125,july 28,1,2,,,,,,,,,,,,,,,22:40:54,31,
1126,soon,1,1,,,,,,,,,,,,,,,22:40:47,5,
1127,together,4,1,,,,,,,,,,,,,,,22:40:54,31,
1128,ct,1,1,,,,,,,,,,,,,,,22:40:56,40,
1129,warriors,1,1,,,,,,,,,,,,,,,22:40:47,4,
1130,5-round,2,1,,,,,,,,,,,,,,,22:41:0,54,
1131,seriously,2,1,,,,,,,,,,,,,,,22:40:53,29,
1132,gigi hadid,3,2,,,,,,,,,,,,,,,22:40:53,27,
1133,prison rules,1,2,,,,,,,,,,,,,,,22:41:1,56,
1134,foreign agent of the russians,1,5,,,,,,,,,,,,,,,22:40:47,4,
1135,blair,1,1,,,,,,,,,,,,,,,22:40:51,21,
1136,recess,2,1,,,,,,,,,,,,,,,22:40:51,21,
1137,name,1,1,,,,,,,,,,,,,,,22:40:57,43,
1138,cheetolini,1,1,,,,,,,,,,,,,,,22:40:48,7,
1139,european,2,1,,,,,,,,,,,,,,,22:40:57,42,
1140,move with the groove,2,4,,,,,,,,,,,,,,,22:40:54,32,
1141,lenovo,1,1,,,,,,,,,,,,,,,22:40:56,40,
1142,lincoln,1,1,,,,,,,,,,,,,,,22:40:58,47,
1143,flynn,10,1,,,,,,,,,,,,,,,22:40:46,0,
1144,proof,2,1,,,,,,,,,,,,,,,22:40:48,8,
1145,assist,1,1,,,,,,,,,,,,,,,22:40:53,29,
1146,korean peninsula,1,2,,,,,,,,,,,,,,,22:40:47,6,
1147,30k,1,1,,,,,,,,,,,,,,,22:40:47,3,
1148,dq,1,1,,,,,,,,,,,,,,,22:41:0,53,
1149,administrator required in nelspruit [read,1,5,,,,,,,,,,,,,,,22:40:53,29,
1150,making,2,1,,,,,,,,,,,,,,,22:40:57,44,
1151,moc,2,1,,,,,,,,,,,,,,,22:40:49,11,
1152,ukraine,7,1,,,,,,,,,,,,,,,22:40:51,21,
1153,200k,1,1,,,,,,,,,,,,,,,22:41:0,54,
1154,sad,2,1,,,,,,,,,,,,,,,22:40:51,19,
1155,jam,1,1,,,,,,,,,,,,,,,22:40:54,31,
1156,explain,2,1,,,,,,,,,,,,,,,22:40:59,50,
1157,centrist,1,1,,,,,,,,,,,,,,,22:40:50,16,
1158,18-2,2,1,,,,,,,,,,,,,,,22:41:1,56,
1159,monitor fmr,2,2,,,,,,,,,,,,,,,22:40:46,1,
1160,monitor carter page,1,3,,,,,,,,,,,,,,,22:40:47,5,
1161,vlad putin,1,2,,,,,,,,,,,,,,,22:40:47,4,
1162,damaged rodriguez,2,2,,,,,,,,,,,,,,,22:41:2,58,
1163,link,3,1,,,,,,,,,,,,,,,22:41:0,53,
1164,grand favourite,1,2,,,,,,,,,,,,,,,22:40:52,23,
1165,grand ole putin party,4,4,,,,,,,,,,,,,,,22:40:50,16,
1166,switzerland,1,1,,,,,,,,,,,,,,,22:40:53,29,
1167,constitution,1,1,,,,,,,,,,,,,,,22:40:57,43,
1168,sbs,1,1,,,,,,,,,,,,,,,22:40:53,29,
1169,vienna,2,1,,,,,,,,,,,,,,,22:40:59,50,
1170,freedom,2,1,,,,,,,,,,,,,,,22:40:57,41,
1171,dos santos,1,2,,,,,,,,,,,,,,,22:41:1,57,
1172,colonialism,2,1,,,,,,,,,,,,,,,22:40:58,45,
1173,antisemitism,1,1,,,,,,,,,,,,,,,22:40:51,21,
1174,noah,2,1,,,,,,,,,,,,,,,22:40:55,34,
1175,80s,1,1,,,,,,,,,,,,,,,22:41:0,52,
1176,less coverage,1,2,,,,,,,,,,,,,,,22:40:49,14,
1177,60s,4,1,,,,,,,,,,,,,,,22:40:58,47,
1178,possessions,2,1,,,,,,,,,,,,,,,22:40:59,51,
1179,village,5,1,,,,,,,,,,,,,,,22:40:54,32,
1180,village of the damned,1,4,,,,,,,,,,,,,,,22:40:54,30,
1181,norway,1,1,,,,,,,,,,,,,,,22:40:54,30,
1182,zero,4,1,,,,,,,,,,,,,,,22:40:46,1,
1183,become law,2,2,,,,,,,,,,,,,,,22:40:50,16,
1184,goat,1,1,,,,,,,,,,,,,,,22:41:2,60,
1185,goat quote,2,2,,,,,,,,,,,,,,,22:41:0,53,
1186,zayn,3,1,,,,,,,,,,,,,,,22:40:55,35,
1187,martian,2,1,,,,,,,,,,,,,,,22:40:51,22,
1188,russia,46,1,,,,,,,,,,,,,,,22:40:46,0,
1189,britain's lucie jones,1,3,,,,,,,,,,,,,,,22:40:53,28,
1190,texas,3,1,,,,,,,,,,,,,,,22:41:2,58,
1191,frankie,17,1,,,,,,,,,,,,,,,22:41:0,52,
1192,frankie edgar,32,2,,,,,,,,,,,,,,,22:41:0,51,
1193,lgbt,1,1,,,,,,,,,,,,,,,22:40:52,22,
1194,oath,2,1,,,,,,,,,,,,,,,22:40:47,4,
1195,dead,4,1,,,,,,,,,,,,,,,22:40:50,16,
1196,healthcare,2,1,,,,,,,,,,,,,,,22:40:51,20,
1197,wango tango,2,2,,,,,,,,,,,,,,,22:40:55,34,
1198,double bed nylon mosquito net,3,5,,,,,,,,,,,,,,,22:40:54,31,
1199,next,2,1,,,,,,,,,,,,,,,22:40:55,34,
1200,snapchat,11,1,,,,,,,,,,,,,,,22:40:54,31,
1201,ukranian,3,1,,,,,,,,,,,,,,,22:40:53,27,
1202,ann courter,2,2,,,,,,,,,,,,,,,22:40:49,12,
1203,3-0,1,1,,,,,,,,,,,,,,,22:41:0,52,
1204,team pop,1,2,,,,,,,,,,,,,,,22:40:54,32,
1205,edgar,14,1,,,,,,,,,,,,,,,22:41:0,51,
1206,edgar holloway,2,2,,,,,,,,,,,,,,,22:41:2,59,
1207,edgar by tko,1,3,,,,,,,,,,,,,,,22:41:0,54,
1208,impeachment,1,1,,,,,,,,,,,,,,,22:40:47,5,
1209,house,23,1,,,,,,,,,,,,,,,22:40:49,11,
1210,house democrats wave,1,3,,,,,,,,,,,,,,,22:40:50,18,
1211,house republicans,48,2,,,,,,,,,,,,,,,22:40:49,11,
1212,house of representatives,1,3,,,,,,,,,,,,,,,22:40:49,11,
1213,house passage,1,2,,,,,,,,,,,,,,,22:40:49,13,
1214,house passes bill,2,3,,,,,,,,,,,,,,,22:40:50,16,
1215,solar system,3,2,,,,,,,,,,,,,,,22:40:47,4,
1216,fisa,148,1,,,,,,,,,,,,,,,22:40:46,0,
1217,fisa warrant,4,2,,,,,,,,,,,,,,,22:40:46,2,
1218,fisa court,1,2,,,,,,,,,,,,,,,22:40:47,6,
1219,fbi,93,1,,,,,,,,,,,,,,,22:40:46,0,
1220,fbi granted fisa warrant,2,4,,,,,,,,,,,,,,,22:40:46,1,
1221,fbi fisa,1,2,,,,,,,,,,,,,,,22:40:48,7,
1222,fbi hillary's andrew mccabe,2,4,,,,,,,,,,,,,,,22:40:48,8,
1223,fbi hrc's andrew mccabe,2,4,,,,,,,,,,,,,,,22:40:48,8,
1224,fbi got fisa warrant,1,4,,,,,,,,,,,,,,,22:40:47,5,
1225,time,3,1,,,,,,,,,,,,,,,22:40:47,5,
1226,millions of americans,1,3,,,,,,,,,,,,,,,22:40:50,16,
