,2nd Iteration Candidates,TweetSentence,ambigious_candidates,ambigious_not_in_annot,annotation,candidates_with_label,completeness,current_minus_entry,entry_batch,entry_vs_tweet_seen_ratio,fn,hashtags,index,inverted_loss,number_of_seen_tweets,only_good_candidates,phase1Candidates,ratio_entry_vs_current,sentID,total_mention,tp,tweetID,user
2,"['carter page', 'spicer']","@ZZMAMA1 So, Carter Page and Spicer are having bad days...slmfao.",['spicer'],0.0,"['carter page', 'spicer']","[('carter page', 'g'), ('spicer', 'a')]",False,0.0,2,0.02564102564102564,1.0,nan,,1.0,78.0,['carter page'],Carter Page::*2*3*||Spicer::*5*||,1.0,0,2.0,1.0,102,yynn6001
6,['spicer'],Im going to lose my mind cnn shows the spicer interview with wolf one more time.,['spicer'],0.0,"['cnn', 'spicer']","[('spicer', 'a')]",False,0.0,2,0.02564102564102564,2.0,nan,,0.0,78.0,[],,1.0,0,2.0,0.0,105,anuj_pant6
27,"['spicer', 'carter page']",Spicer owes Carter Page...,['spicer'],0.0,"['spicer', 'carter page']","[('spicer', 'a'), ('carter page', 'g')]",False,0.0,2,0.02564102564102564,1.0,nan,,1.0,78.0,['carter page'],Carter Page::*2*3*||,1.0,0,2.0,1.0,114,RockShrimp
0,"['carter page', 'spicer']","@ZZMAMA1 So, Carter Page and Spicer are having bad days...slmfao.",['spicer'],0.0,"['carter page', 'spicer']","[('carter page', 'g'), ('spicer', 'a')]",False,1.0,2,0.013333333333333334,1.0,nan,,1.0,150.0,['carter page'],Carter Page::*2*3*||Spicer::*5*||,0.6666666666666666,0,2.0,1.0,102,yynn6001
1,['spicer'],Im going to lose my mind cnn shows the spicer interview with wolf one more time.,['spicer'],0.0,"['cnn', 'spicer']","[('spicer', 'a')]",False,1.0,2,0.013333333333333334,2.0,nan,,0.0,150.0,[],,0.6666666666666666,0,2.0,0.0,105,anuj_pant6
2,"['spicer', 'carter page']",Spicer owes Carter Page...,['spicer'],0.0,"['spicer', 'carter page']","[('spicer', 'a'), ('carter page', 'g')]",False,1.0,2,0.013333333333333334,1.0,nan,,1.0,150.0,['carter page'],Carter Page::*2*3*||,0.6666666666666666,0,2.0,1.0,114,RockShrimp
0,"['carter page', 'spicer']","@ZZMAMA1 So, Carter Page and Spicer are having bad days...slmfao.",['spicer'],0.0,"['carter page', 'spicer']","[('carter page', 'g'), ('spicer', 'a')]",False,2.0,2,0.008403361344537815,1.0,nan,,1.0,238.0,['carter page'],Carter Page::*2*3*||Spicer::*5*||,0.5,0,2.0,1.0,102,yynn6001
1,['spicer'],Im going to lose my mind cnn shows the spicer interview with wolf one more time.,['spicer'],0.0,"['cnn', 'spicer']","[('spicer', 'a')]",False,2.0,2,0.008403361344537815,2.0,nan,,0.0,238.0,[],,0.5,0,2.0,0.0,105,anuj_pant6
2,"['spicer', 'carter page']",Spicer owes Carter Page...,['spicer'],0.0,"['spicer', 'carter page']","[('spicer', 'a'), ('carter page', 'g')]",False,2.0,2,0.008403361344537815,1.0,nan,,1.0,238.0,['carter page'],Carter Page::*2*3*||,0.5,0,2.0,1.0,114,RockShrimp
88,"['carter page', 'russia', 'looks', 'vlad putin', 'america']","@realDonaldTrump Your staffer pal carter page, the failed  russia energy businessman, looks like he loves Vlad Putin and hates America.",['looks'],1.0,"['carter page', 'russia', 'vlad putin', 'america']","[('carter page', 'g'), ('russia', 'g'), ('looks', 'a'), ('vlad putin', 'na'), ('america', 'na')]",False,0.0,4,0.045454545454545456,2.0,nan,,0.6666666666666666,88.0,"['carter page', 'russia']",Vlad Putin::*15*16*||America::*19*||,1.0,0,4.0,2.0,248,Dougcooley5
0,"['carter page', 'spicer']","@ZZMAMA1 So, Carter Page and Spicer are having bad days...slmfao.",['spicer'],0.0,"['carter page', 'spicer']","[('carter page', 'g'), ('spicer', 'a')]",False,3.0,2,0.0064516129032258064,1.0,nan,,1.0,310.0,['carter page'],Carter Page::*2*3*||Spicer::*5*||,0.4,0,2.0,1.0,102,yynn6001
1,"['cnn', 'spicer', 'time']",Im going to lose my mind cnn shows the spicer interview with wolf one more time.,['spicer'],0.0,"['cnn', 'spicer']","[('cnn', 'na'), ('spicer', 'a'), ('time', 'b')]",False,3.0,2,0.0064516129032258064,2.0,nan,,0.0,310.0,[],,0.4,0,2.0,0.0,105,anuj_pant6
2,"['spicer', 'carter page']",Spicer owes Carter Page...,['spicer'],0.0,"['spicer', 'carter page']","[('spicer', 'a'), ('carter page', 'g')]",False,3.0,2,0.0064516129032258064,1.0,nan,,1.0,310.0,['carter page'],Carter Page::*2*3*||,0.4,0,2.0,1.0,114,RockShrimp
42,"['spicer', 'looks']",Spicer: Oh man I should stop comparing things to historical figures this looks bad for me,['spicer'],0.0,['spicer'],"[('spicer', 'a'), ('looks', 'b')]",False,0.0,5,0.06944444444444445,1.0,nan,,0.0,72.0,[],,1.0,0,1.0,0.0,277,AJVicens
0,"['carter page', 'spicer']","@ZZMAMA1 So, Carter Page and Spicer are having bad days...slmfao.",['spicer'],0.0,"['carter page', 'spicer']","[('carter page', 'g'), ('spicer', 'a')]",False,4.0,2,0.005291005291005291,1.0,nan,,1.0,378.0,['carter page'],Carter Page::*2*3*||Spicer::*5*||,0.3333333333333333,0,2.0,1.0,102,yynn6001
1,"['cnn', 'spicer', 'time']",Im going to lose my mind cnn shows the spicer interview with wolf one more time.,['spicer'],0.0,"['cnn', 'spicer']","[('cnn', 'b'), ('spicer', 'a'), ('time', 'b')]",False,4.0,2,0.005291005291005291,2.0,nan,,0.0,378.0,[],,0.3333333333333333,0,2.0,0.0,105,anuj_pant6
2,"['spicer', 'carter page']",Spicer owes Carter Page...,['spicer'],0.0,"['spicer', 'carter page']","[('spicer', 'a'), ('carter page', 'g')]",False,4.0,2,0.005291005291005291,1.0,nan,,1.0,378.0,['carter page'],Carter Page::*2*3*||,0.3333333333333333,0,2.0,1.0,114,RockShrimp
3,"['spicer', 'looks']",Spicer: Oh man I should stop comparing things to historical figures this looks bad for me,['spicer'],0.0,['spicer'],"[('spicer', 'a'), ('looks', 'b')]",False,1.0,5,0.03571428571428571,1.0,nan,,0.0,140.0,[],,0.8333333333333334,0,1.0,0.0,277,AJVicens
46,"['sean spicer', 'carter page', 'russian agent']","Media: ""SEAN SPICER IS AN ANTI SEMITE HOLOCAUST DENIER AND CARTER PAGE IS A RUSSIAN AGENT!!!""",['sean spicer'],0.0,"['sean spicer', 'holocaust denier', 'carter page', 'russian', 'russian agent']","[('sean spicer', 'a'), ('carter page', 'g'), ('russian agent', 'b')]",False,0.0,6,0.08823529411764706,4.0,reeee,,0.25,68.0,['carter page'],nan,1.0,1,5.0,1.0,331,atkhelo
61,"['spicer', 'hitler']","Spicer's Hitler ""analogy.""",['spicer'],0.0,"['spicer', 'hitler']","[('spicer', 'a'), ('hitler', 'na')]",False,0.0,6,0.08823529411764706,2.0,nan,,0.0,68.0,[],Spicer's Hitler::*0*1*||,1.0,1,2.0,0.0,342,bstrawbridge
0,"['carter page', 'spicer']","@ZZMAMA1 So, Carter Page and Spicer are having bad days...slmfao.",['spicer'],0.0,"['carter page', 'spicer']","[('carter page', 'g'), ('spicer', 'a')]",False,5.0,2,0.0043859649122807015,1.0,nan,,1.0,456.0,['carter page'],Carter Page::*2*3*||Spicer::*5*||,0.2857142857142857,0,2.0,1.0,102,yynn6001
1,"['cnn', 'spicer', 'time']",Im going to lose my mind cnn shows the spicer interview with wolf one more time.,['spicer'],0.0,"['cnn', 'spicer']","[('cnn', 'b'), ('spicer', 'a'), ('time', 'b')]",False,5.0,2,0.0043859649122807015,2.0,nan,,0.0,456.0,[],,0.2857142857142857,0,2.0,0.0,105,anuj_pant6
2,"['spicer', 'carter page']",Spicer owes Carter Page...,['spicer'],0.0,"['spicer', 'carter page']","[('spicer', 'a'), ('carter page', 'g')]",False,5.0,2,0.0043859649122807015,1.0,nan,,1.0,456.0,['carter page'],Carter Page::*2*3*||,0.2857142857142857,0,2.0,1.0,114,RockShrimp
3,"['spicer', 'looks']",Spicer: Oh man I should stop comparing things to historical figures this looks bad for me,['spicer'],0.0,['spicer'],"[('spicer', 'a'), ('looks', 'b')]",False,2.0,5,0.022935779816513763,1.0,nan,,0.0,218.0,[],,0.7142857142857143,0,1.0,0.0,277,AJVicens
4,"['sean spicer', 'carter page', 'russian agent']","Media: ""SEAN SPICER IS AN ANTI SEMITE HOLOCAUST DENIER AND CARTER PAGE IS A RUSSIAN AGENT!!!""",['sean spicer'],0.0,"['sean spicer', 'holocaust denier', 'carter page', 'russian', 'russian agent']","[('sean spicer', 'a'), ('carter page', 'g'), ('russian agent', 'b')]",False,1.0,6,0.0410958904109589,4.0,reeee,,0.25,146.0,['carter page'],nan,0.8571428571428571,1,5.0,1.0,331,atkhelo
5,"['spicer', 'hitler']","Spicer's Hitler ""analogy.""",['spicer'],0.0,"['spicer', 'hitler']","[('spicer', 'a'), ('hitler', 'b')]",False,1.0,6,0.0410958904109589,2.0,nan,,0.0,146.0,[],Spicer's Hitler::*0*1*||,0.8571428571428571,1,2.0,0.0,342,bstrawbridge
16,"['report', 'fisa court', 'fbi', 'look', 'comey', 'obama']","Report: FISA court approved FBI's @Twitter, Look ≡ƒæÇ at Comey, Obama.",['look'],1.0,"['fisa', 'comey', 'obama']","[('report', 'b'), ('fisa court', 'b'), ('fbi', 'g'), ('look', 'a'), ('comey', 'g'), ('obama', 'g')]",False,0.0,7,0.08974358974358974,1.0,nan,,1.0,78.0,"['fbi', 'comey', 'obama']",FISA::*1*||FBI's::*4*||Look::*6*||Comey::*9*||Obama::*10*||,1.0,0,3.0,2.0,357,MorvantCheryl
23,"['look', 'carter page']","Look it's Carter Page, once again.",['look'],1.0,['carter page'],"[('look', 'a'), ('carter page', 'g')]",False,0.0,7,0.08974358974358974,0.0,Trumprussia,,1.0,78.0,['carter page'],nan,1.0,1,1.0,1.0,361,MarkCM07
31,"['spicer', 'hitler', 'fbi fisa', 'carter page', 'fisa']",@CNN Maybe Spicer's Hitler comment was used to distract from FBI FISA &amp; Carter Page..Get everyone talking about it to bury FISA lede.....,['spicer'],0.0,"['spicer', 'hitler', 'fbi', 'fisa', 'carter page']","[('spicer', 'a'), ('hitler', 'b'), ('fbi fisa', 'na'), ('carter page', 'g'), ('fisa', 'g')]",False,0.0,7,0.08974358974358974,3.0,nan,,0.6666666666666666,78.0,"['carter page', 'fisa']",Spicer's Hitler::*2*3*||FBI FISA::*10*11*||Carter Page Get::*13*14*15*||FISA::*22*||,1.0,0,5.0,2.0,365,heartofstylez
55,['msm'],WAKE UP MSM.,['msm'],0.0,['msm'],"[('msm', 'a')]",False,0.0,7,0.08974358974358974,1.0,nan,,0.0,78.0,[],nan,1.0,4,1.0,0.0,377,bonecho5
76,"['carter page', 'look']","Oh carter page, look what you have done?",['look'],1.0,['carter page'],"[('carter page', 'g'), ('look', 'a')]",False,0.0,7,0.08974358974358974,0.0,nan,,1.0,78.0,['carter page'],,1.0,0,1.0,1.0,395,huffingtonList
4,"['sean spicer', 'carter page', 'russian agent']","Media: ""SEAN SPICER IS AN ANTI SEMITE HOLOCAUST DENIER AND CARTER PAGE IS A RUSSIAN AGENT!!!""",['sean spicer'],0.0,"['sean spicer', 'holocaust denier', 'carter page', 'russian', 'russian agent']","[('sean spicer', 'a'), ('carter page', 'g'), ('russian agent', 'b')]",False,2.0,6,0.02586206896551724,4.0,reeee,,0.25,232.0,['carter page'],nan,0.75,1,5.0,1.0,331,atkhelo
6,"['report', 'fisa court', 'fbi', 'look', 'comey', 'obama']","Report: FISA court approved FBI's @Twitter, Look ≡ƒæÇ at Comey, Obama.",['look'],1.0,"['fisa', 'comey', 'obama']","[('report', 'b'), ('fisa court', 'b'), ('fbi', 'g'), ('look', 'a'), ('comey', 'g'), ('obama', 'g')]",False,1.0,7,0.042682926829268296,1.0,nan,,1.0,164.0,"['fbi', 'comey', 'obama']",FISA::*1*||FBI's::*4*||Look::*6*||Comey::*9*||Obama::*10*||,0.875,0,3.0,2.0,357,MorvantCheryl
7,"['look', 'carter page']","Look it's Carter Page, once again.",['look'],1.0,['carter page'],"[('look', 'a'), ('carter page', 'g')]",False,1.0,7,0.042682926829268296,0.0,Trumprussia,,1.0,164.0,['carter page'],nan,0.875,1,1.0,1.0,361,MarkCM07
9,['msm'],WAKE UP MSM.,['msm'],0.0,['msm'],"[('msm', 'a')]",False,1.0,7,0.042682926829268296,1.0,nan,,0.0,164.0,[],nan,0.875,4,1.0,0.0,377,bonecho5
10,"['carter page', 'look']","Oh carter page, look what you have done?",['look'],1.0,['carter page'],"[('carter page', 'g'), ('look', 'a')]",False,1.0,7,0.042682926829268296,0.0,nan,,1.0,164.0,['carter page'],,0.875,0,1.0,1.0,395,huffingtonList
20,['sean spicer'],Sean Spicer/Holocaust,['sean spicer'],0.0,"['sean spicer', 'holocaust']","[('sean spicer', 'a')]",False,0.0,8,0.09302325581395349,2.0,KS04,,0.0,86.0,[],nan,1.0,0,2.0,0.0,405,SuchPolitics
96,['carter page fisa'],This week: Carter Page FISA warrant,['carter page fisa'],1.0,"['carter page', 'fisa']","[('carter page fisa', 'a')]",False,0.0,8,0.09302325581395349,2.0,nan,,0.0,86.0,[],Carter Page FISA::*2*3*4*||,1.0,3,2.0,0.0,449,sicsemp4ever
0,"['sean spicer', 'carter page', 'russian agent']","Media: ""SEAN SPICER IS AN ANTI SEMITE HOLOCAUST DENIER AND CARTER PAGE IS A RUSSIAN AGENT!!!""",['sean spicer'],0.0,"['sean spicer', 'holocaust denier', 'carter page', 'russian', 'russian agent']","[('sean spicer', 'a'), ('carter page', 'g'), ('russian agent', 'b')]",False,3.0,6,0.01904761904761905,4.0,reeee,,0.25,315.0,['carter page'],nan,0.6666666666666666,1,5.0,1.0,331,atkhelo
1,"['report', 'fisa court', 'fbi', 'look', 'comey', 'obama']","Report: FISA court approved FBI's @Twitter, Look ≡ƒæÇ at Comey, Obama.",['look'],1.0,"['fisa', 'comey', 'obama']","[('report', 'b'), ('fisa court', 'b'), ('fbi', 'g'), ('look', 'a'), ('comey', 'g'), ('obama', 'g')]",False,2.0,7,0.02834008097165992,1.0,nan,,1.0,247.0,"['fbi', 'comey', 'obama']",FISA::*1*||FBI's::*4*||Look::*6*||Comey::*9*||Obama::*10*||,0.7777777777777778,0,3.0,2.0,357,MorvantCheryl
2,"['look', 'carter page']","Look it's Carter Page, once again.",['look'],1.0,['carter page'],"[('look', 'a'), ('carter page', 'g')]",False,2.0,7,0.02834008097165992,0.0,Trumprussia,,1.0,247.0,['carter page'],nan,0.7777777777777778,1,1.0,1.0,361,MarkCM07
3,['msm'],WAKE UP MSM.,['msm'],0.0,['msm'],"[('msm', 'a')]",False,2.0,7,0.02834008097165992,1.0,nan,,0.0,247.0,[],nan,0.7777777777777778,4,1.0,0.0,377,bonecho5
4,"['carter page', 'look']","Oh carter page, look what you have done?",['look'],1.0,['carter page'],"[('carter page', 'g'), ('look', 'a')]",False,2.0,7,0.02834008097165992,0.0,nan,,1.0,247.0,['carter page'],,0.7777777777777778,0,1.0,1.0,395,huffingtonList
5,['sean spicer'],Sean Spicer/Holocaust,['sean spicer'],0.0,"['sean spicer', 'holocaust']","[('sean spicer', 'a')]",False,1.0,8,0.047337278106508875,2.0,KS04,,0.0,169.0,[],nan,0.8888888888888888,0,2.0,0.0,405,SuchPolitics
6,['carter page fisa'],This week: Carter Page FISA warrant,['carter page fisa'],1.0,"['carter page', 'fisa']","[('carter page fisa', 'a')]",False,1.0,8,0.047337278106508875,2.0,nan,,0.0,169.0,[],Carter Page FISA::*2*3*4*||,0.8888888888888888,3,2.0,0.0,449,sicsemp4ever
10,"['james comey', 'carter page fisa']",James Comey should resign at @FBI unless he was lied to about Carter Page FISA warrant.,['carter page fisa'],1.0,"['james comey', 'carter page', 'fisa']","[('james comey', 'na'), ('carter page fisa', 'a')]",False,0.0,9,0.10843373493975904,3.0,nypost,,0.0,83.0,[],James Comey::*0*1*||Carter Page FISA::*12*13*14*||,1.0,0,3.0,0.0,452,SteveWCarlson
21,"['msm', 'carter page', 'moscow', 'gop']",Where was the MSM when Carter Page was jetting off to Moscow for marching orders a week before the GOP convention?,['msm'],0.0,"['msm', 'carter page', 'moscow', 'gop']","[('msm', 'a'), ('carter page', 'g'), ('moscow', 'g'), ('gop', 'g')]",False,0.0,9,0.10843373493975904,1.0,nan,,3.0,83.0,"['carter page', 'moscow', 'gop']",MSM::*3*||Carter Page::*5*6*||Moscow::*11*||GOP::*19*||,1.0,0,4.0,3.0,457,Picassokat
1,"['report', 'fisa court', 'fbi', 'look', 'comey', 'obama']","Report: FISA court approved FBI's @Twitter, Look ≡ƒæÇ at Comey, Obama.","['look', 'obama']",1.0,"['fisa', 'comey', 'obama']","[('report', 'b'), ('fisa court', 'b'), ('fbi', 'g'), ('look', 'a'), ('comey', 'g'), ('obama', 'a')]",False,3.0,7,0.0220125786163522,2.0,nan,,0.3333333333333333,318.0,"['fbi', 'comey']",FISA::*1*||FBI's::*4*||Look::*6*||Comey::*9*||Obama::*10*||,0.7,0,3.0,1.0,357,MorvantCheryl
2,"['look', 'carter page']","Look it's Carter Page, once again.",['look'],1.0,['carter page'],"[('look', 'a'), ('carter page', 'g')]",False,3.0,7,0.0220125786163522,0.0,Trumprussia,,1.0,318.0,['carter page'],nan,0.7,1,1.0,1.0,361,MarkCM07
3,['msm'],WAKE UP MSM.,['msm'],0.0,['msm'],"[('msm', 'a')]",False,3.0,7,0.0220125786163522,1.0,nan,,0.0,318.0,[],nan,0.7,4,1.0,0.0,377,bonecho5
4,"['carter page', 'look']","Oh carter page, look what you have done?",['look'],1.0,['carter page'],"[('carter page', 'g'), ('look', 'a')]",False,3.0,7,0.0220125786163522,0.0,nan,,1.0,318.0,['carter page'],,0.7,0,1.0,1.0,395,huffingtonList
6,['carter page fisa'],This week: Carter Page FISA warrant,['carter page fisa'],1.0,"['carter page', 'fisa']","[('carter page fisa', 'a')]",False,2.0,8,0.03333333333333333,2.0,nan,,0.0,240.0,[],Carter Page FISA::*2*3*4*||,0.8,3,2.0,0.0,449,sicsemp4ever
7,"['james comey', 'carter page fisa']",James Comey should resign at @FBI unless he was lied to about Carter Page FISA warrant.,['carter page fisa'],1.0,"['james comey', 'carter page', 'fisa']","[('james comey', 'g'), ('carter page fisa', 'a')]",False,1.0,9,0.05844155844155844,2.0,nypost,,0.3333333333333333,154.0,['james comey'],James Comey::*0*1*||Carter Page FISA::*12*13*14*||,0.9,0,3.0,1.0,452,SteveWCarlson
8,"['msm', 'carter page', 'moscow', 'gop']",Where was the MSM when Carter Page was jetting off to Moscow for marching orders a week before the GOP convention?,['msm'],0.0,"['msm', 'carter page', 'moscow', 'gop']","[('msm', 'a'), ('carter page', 'g'), ('moscow', 'g'), ('gop', 'g')]",False,1.0,9,0.05844155844155844,1.0,nan,,3.0,154.0,"['carter page', 'moscow', 'gop']",MSM::*3*||Carter Page::*5*6*||Moscow::*11*||GOP::*19*||,0.9,0,4.0,3.0,457,Picassokat
28,"['obama', 'trump']",Obama was surveilling Trump advisors!,['obama'],0.0,"['obama', 'trump']","[('obama', 'a'), ('trump', 'g')]",False,0.0,10,0.14084507042253522,1.0,nan,,1.0,71.0,['trump'],Trump::*3*||,1.0,1,2.0,1.0,512,DoghouseDano
35,"['nunes', 'wh', 'real']",Makes it seem like Nunes and the WH colluded to hide the real reason the admin was surveilled.,['wh'],0.0,"['nunes', 'wh']","[('nunes', 'g'), ('wh', 'a'), ('real', 'b')]",False,0.0,10,0.14084507042253522,1.0,nan,,1.0,71.0,['nunes'],Nunes::*4*||WH::*7*||,1.0,0,2.0,1.0,518,wdrewcurtis
69,['look'],"@LouiseMensch Well, look at that....",['look'],1.0,[],"[('look', 'a')]",False,0.0,10,0.14084507042253522,0.0,nan,,0.0,71.0,[],,1.0,0,0.0,0.0,544,tvgirl222
0,"['report', 'fisa court', 'fbi', 'look', 'comey', 'obama']","Report: FISA court approved FBI's @Twitter, Look ≡ƒæÇ at Comey, Obama.",['obama'],0.0,"['fisa', 'comey', 'obama']","[('report', 'b'), ('fisa court', 'b'), ('fbi', 'g'), ('look', 'b'), ('comey', 'g'), ('obama', 'a')]",False,4.0,7,0.017766497461928935,2.0,nan,,0.5,394.0,"['fbi', 'comey']",FISA::*1*||FBI's::*4*||Look::*6*||Comey::*9*||Obama::*10*||,0.6363636363636364,0,3.0,1.0,357,MorvantCheryl
2,['msm'],WAKE UP MSM.,['msm'],0.0,['msm'],"[('msm', 'a')]",False,4.0,7,0.017766497461928935,1.0,nan,,0.0,394.0,[],nan,0.6363636363636364,4,1.0,0.0,377,bonecho5
4,['carter page fisa'],This week: Carter Page FISA warrant,['carter page fisa'],1.0,"['carter page', 'fisa']","[('carter page fisa', 'a')]",False,3.0,8,0.02531645569620253,2.0,nan,,0.0,316.0,[],Carter Page FISA::*2*3*4*||,0.7272727272727273,3,2.0,0.0,449,sicsemp4ever
5,"['james comey', 'carter page fisa']",James Comey should resign at @FBI unless he was lied to about Carter Page FISA warrant.,['carter page fisa'],1.0,"['james comey', 'carter page', 'fisa']","[('james comey', 'g'), ('carter page fisa', 'a')]",False,2.0,9,0.0391304347826087,2.0,nypost,,0.3333333333333333,230.0,['james comey'],James Comey::*0*1*||Carter Page FISA::*12*13*14*||,0.8181818181818182,0,3.0,1.0,452,SteveWCarlson
6,"['msm', 'carter page', 'moscow', 'gop']",Where was the MSM when Carter Page was jetting off to Moscow for marching orders a week before the GOP convention?,['msm'],0.0,"['msm', 'carter page', 'moscow', 'gop']","[('msm', 'a'), ('carter page', 'g'), ('moscow', 'g'), ('gop', 'g')]",False,2.0,9,0.0391304347826087,1.0,nan,,3.0,230.0,"['carter page', 'moscow', 'gop']",MSM::*3*||Carter Page::*5*6*||Moscow::*11*||GOP::*19*||,0.8181818181818182,0,4.0,3.0,457,Picassokat
7,"['obama', 'trump']",Obama was surveilling Trump advisors!,['obama'],0.0,"['obama', 'trump']","[('obama', 'a'), ('trump', 'g')]",False,1.0,10,0.06802721088435375,1.0,nan,,1.0,147.0,['trump'],Trump::*3*||,0.9090909090909091,1,2.0,1.0,512,DoghouseDano
20,['msm'],"Corrupt pigs benefiting from 2-party MSM fawns selling BS to people who trust them, negotiating.",['msm'],0.0,['msm'],"[('msm', 'a')]",False,0.0,11,0.14473684210526316,1.0,nan,,0.0,76.0,[],2-party MSM::*4*5*||,1.0,1,1.0,0.0,556,phpress
44,['god'],Oh my fucking god!,['god'],1.0,[],"[('god', 'a')]",False,0.0,11,0.14473684210526316,0.0,nan,,0.0,76.0,[],,1.0,1,0.0,0.0,571,Fuck_You_Twitr_
0,"['report', 'fisa court', 'fbi', 'look', 'comey', 'obama']","Report: FISA court approved FBI's @Twitter, Look ≡ƒæÇ at Comey, Obama.","['look', 'obama']",1.0,"['fisa', 'comey', 'obama']","[('report', 'b'), ('fisa court', 'b'), ('fbi', 'g'), ('look', 'a'), ('comey', 'g'), ('obama', 'a')]",False,5.0,7,0.014613778705636743,2.0,nan,,0.3333333333333333,479.0,"['fbi', 'comey']",FISA::*1*||FBI's::*4*||Look::*6*||Comey::*9*||Obama::*10*||,0.5833333333333334,0,3.0,1.0,357,MorvantCheryl
1,['msm'],WAKE UP MSM.,['msm'],0.0,['msm'],"[('msm', 'a')]",False,5.0,7,0.014613778705636743,1.0,nan,,0.0,479.0,[],nan,0.5833333333333334,4,1.0,0.0,377,bonecho5
2,['carter page fisa'],This week: Carter Page FISA warrant,['carter page fisa'],1.0,"['carter page', 'fisa']","[('carter page fisa', 'a')]",False,4.0,8,0.0199501246882793,2.0,nan,,0.0,401.0,[],Carter Page FISA::*2*3*4*||,0.6666666666666666,3,2.0,0.0,449,sicsemp4ever
3,"['james comey', 'carter page fisa']",James Comey should resign at @FBI unless he was lied to about Carter Page FISA warrant.,['carter page fisa'],1.0,"['james comey', 'carter page', 'fisa']","[('james comey', 'g'), ('carter page fisa', 'a')]",False,3.0,9,0.02857142857142857,2.0,nypost,,0.3333333333333333,315.0,['james comey'],James Comey::*0*1*||Carter Page FISA::*12*13*14*||,0.75,0,3.0,1.0,452,SteveWCarlson
4,"['msm', 'carter page', 'moscow', 'gop']",Where was the MSM when Carter Page was jetting off to Moscow for marching orders a week before the GOP convention?,['msm'],0.0,"['msm', 'carter page', 'moscow', 'gop']","[('msm', 'a'), ('carter page', 'g'), ('moscow', 'g'), ('gop', 'g')]",False,3.0,9,0.02857142857142857,1.0,nan,,3.0,315.0,"['carter page', 'moscow', 'gop']",MSM::*3*||Carter Page::*5*6*||Moscow::*11*||GOP::*19*||,0.75,0,4.0,3.0,457,Picassokat
5,"['obama', 'trump']",Obama was surveilling Trump advisors!,['obama'],0.0,"['obama', 'trump']","[('obama', 'a'), ('trump', 'g')]",False,2.0,10,0.04310344827586207,1.0,nan,,1.0,232.0,['trump'],Trump::*3*||,0.8333333333333334,1,2.0,1.0,512,DoghouseDano
6,"['party', 'msm']","Corrupt pigs benefiting from 2-party MSM fawns selling BS to people who trust them, negotiating.","['party', 'msm']",1.0,['msm'],"[('party', 'a'), ('msm', 'a')]",False,1.0,11,0.06832298136645963,1.0,nan,,0.0,161.0,[],2-party MSM::*4*5*||,0.9166666666666666,1,1.0,0.0,556,phpress
11,['party'],Party over country @RepKinzinger.,['party'],1.0,[],"[('party', 'a')]",False,0.0,12,0.1411764705882353,0.0,nan,,0.0,85.0,[],,1.0,1,0.0,0.0,601,LelandYachtClub
13,"['obama', 'american']",OBAMA HAS FAILED THE AMERICAN PEOPLE!,['obama'],0.0,"['obama', 'american people']","[('obama', 'a'), ('american', 'g')]",False,0.0,12,0.1411764705882353,2.0,nan,,0.0,85.0,['american'],nan,1.0,0,2.0,0.0,602,IrresistibleDJT
56,['party'],Today you put Party before constituents &amp; we do not forget.,['party'],1.0,[],"[('party', 'a')]",False,0.0,12,0.1411764705882353,0.0,AHCA,,0.0,85.0,[],Party::*3*||,1.0,2,0.0,0.0,624,TraciLN1164
68,['party'],Party affiliations can't come before human lives.,['party'],1.0,[],"[('party', 'a')]",False,0.0,12,0.1411764705882353,0.0,nan,,0.0,85.0,[],,1.0,2,0.0,0.0,632,PWJonesSr
0,"['report', 'fisa court', 'fbi', 'look', 'comey', 'obama']","Report: FISA court approved FBI's @Twitter, Look ≡ƒæÇ at Comey, Obama.","['look', 'obama']",1.0,"['fisa', 'comey', 'obama']","[('report', 'b'), ('fisa court', 'b'), ('fbi', 'g'), ('look', 'a'), ('comey', 'g'), ('obama', 'a')]",False,6.0,7,0.01232394366197183,2.0,nan,,0.3333333333333333,568.0,"['fbi', 'comey']",FISA::*1*||FBI's::*4*||Look::*6*||Comey::*9*||Obama::*10*||,0.5384615384615384,0,3.0,1.0,357,MorvantCheryl
1,['msm'],WAKE UP MSM.,['msm'],0.0,['msm'],"[('msm', 'a')]",False,6.0,7,0.01232394366197183,1.0,nan,,0.0,568.0,[],nan,0.5384615384615384,4,1.0,0.0,377,bonecho5
2,['carter page fisa'],This week: Carter Page FISA warrant,['carter page fisa'],1.0,"['carter page', 'fisa']","[('carter page fisa', 'a')]",False,5.0,8,0.0163265306122449,2.0,nan,,0.0,490.0,[],Carter Page FISA::*2*3*4*||,0.6153846153846154,3,2.0,0.0,449,sicsemp4ever
3,"['james comey', 'carter page fisa']",James Comey should resign at @FBI unless he was lied to about Carter Page FISA warrant.,['carter page fisa'],1.0,"['james comey', 'carter page', 'fisa']","[('james comey', 'g'), ('carter page fisa', 'a')]",False,4.0,9,0.022277227722772276,2.0,nypost,,0.3333333333333333,404.0,['james comey'],James Comey::*0*1*||Carter Page FISA::*12*13*14*||,0.6923076923076923,0,3.0,1.0,452,SteveWCarlson
4,"['msm', 'carter page', 'moscow', 'gop']",Where was the MSM when Carter Page was jetting off to Moscow for marching orders a week before the GOP convention?,['msm'],0.0,"['msm', 'carter page', 'moscow', 'gop']","[('msm', 'a'), ('carter page', 'g'), ('moscow', 'g'), ('gop', 'g')]",False,4.0,9,0.022277227722772276,1.0,nan,,3.0,404.0,"['carter page', 'moscow', 'gop']",MSM::*3*||Carter Page::*5*6*||Moscow::*11*||GOP::*19*||,0.6923076923076923,0,4.0,3.0,457,Picassokat
5,"['obama', 'trump']",Obama was surveilling Trump advisors!,['obama'],0.0,"['obama', 'trump']","[('obama', 'a'), ('trump', 'g')]",False,3.0,10,0.03115264797507788,1.0,nan,,1.0,321.0,['trump'],Trump::*3*||,0.7692307692307693,1,2.0,1.0,512,DoghouseDano
6,"['party', 'msm']","Corrupt pigs benefiting from 2-party MSM fawns selling BS to people who trust them, negotiating.","['party', 'msm']",1.0,['msm'],"[('party', 'a'), ('msm', 'a')]",False,2.0,11,0.044,1.0,nan,,0.0,250.0,[],2-party MSM::*4*5*||,0.8461538461538461,1,1.0,0.0,556,phpress
7,['party'],Party over country @RepKinzinger.,['party'],1.0,[],"[('party', 'a')]",False,1.0,12,0.06896551724137931,0.0,nan,,0.0,174.0,[],,0.9230769230769231,1,0.0,0.0,601,LelandYachtClub
8,"['obama', 'american']",OBAMA HAS FAILED THE AMERICAN PEOPLE!,['obama'],0.0,"['obama', 'american people']","[('obama', 'a'), ('american', 'g')]",False,1.0,12,0.06896551724137931,2.0,nan,,0.0,174.0,['american'],nan,0.9230769230769231,0,2.0,0.0,602,IrresistibleDJT
9,['party'],Today you put Party before constituents &amp; we do not forget.,['party'],1.0,[],"[('party', 'a')]",False,1.0,12,0.06896551724137931,0.0,AHCA,,0.0,174.0,[],Party::*3*||,0.9230769230769231,2,0.0,0.0,624,TraciLN1164
10,['party'],Party affiliations can't come before human lives.,['party'],1.0,[],"[('party', 'a')]",False,1.0,12,0.06896551724137931,0.0,nan,,0.0,174.0,[],,0.9230769230769231,2,0.0,0.0,632,PWJonesSr
27,"['house', 'repeal', 'replace']",Now the House can say they delivered on Repeal &amp; Replace .,['repeal'],1.0,['house'],"[('house', 'g'), ('repeal', 'a'), ('replace', 'na')]",False,0.0,13,0.14606741573033707,0.0,Obamacare,,1.0,89.0,['house'],House::*2*||Repeal::*8*||Replace::*10*||,1.0,0,1.0,1.0,661,golfnut6968
34,"['repeal', 'real']",Repeal getting real,['repeal'],1.0,[],"[('repeal', 'a'), ('real', 'b')]",False,0.0,13,0.14606741573033707,0.0,"AHCA, Obamacare, Trumpcare, ACA, TRUMP",,0.0,89.0,[],,1.0,1,0.0,0.0,663,socialchanger
67,['look'],cc @MarkAmodeiNV2 take a good look.,['look'],1.0,[],"[('look', 'a')]",False,0.0,13,0.14606741573033707,0.0,VoteAmodeiOut,,0.0,89.0,[],,1.0,0,0.0,0.0,684,LVAnnie
72,"['aca', 'repeal']","Comments from @repdonyoung on his support for ACA repeal/, via @lruskin",['repeal'],1.0,['aca'],"[('aca', 'g'), ('repeal', 'a')]",False,0.0,13,0.14606741573033707,0.0,AHCA,,1.0,89.0,['aca'],ACA::*7*||,1.0,0,1.0,1.0,687,ZachHughesAK
81,"['republican', 'party', 'donald']",The Republican party is the most superficial men and woman in this country they  don't stand for anything but them self just like Donald,['party'],1.0,"['republican party', 'donald']","[('republican', 'na'), ('party', 'a'), ('donald', 'g')]",False,0.0,13,0.14606741573033707,1.0,nan,,0.5,89.0,['donald'],Republican::*1*||Donald::*23*||,1.0,0,2.0,1.0,691,CandykaneKitten
0,"['report', 'fisa court', 'fbi', 'look', 'comey', 'obama']","Report: FISA court approved FBI's @Twitter, Look ≡ƒæÇ at Comey, Obama.","['look', 'obama']",1.0,"['fisa', 'comey', 'obama']","[('report', 'b'), ('fisa court', 'b'), ('fbi', 'g'), ('look', 'a'), ('comey', 'g'), ('obama', 'a')]",False,7.0,7,0.01046337817638266,2.0,nan,,0.3333333333333333,669.0,"['fbi', 'comey']",FISA::*1*||FBI's::*4*||Look::*6*||Comey::*9*||Obama::*10*||,0.5,0,3.0,1.0,357,MorvantCheryl
1,['msm'],WAKE UP MSM.,['msm'],0.0,['msm'],"[('msm', 'a')]",False,7.0,7,0.01046337817638266,1.0,nan,,0.0,669.0,[],nan,0.5,4,1.0,0.0,377,bonecho5
2,['carter page fisa'],This week: Carter Page FISA warrant,['carter page fisa'],1.0,"['carter page', 'fisa']","[('carter page fisa', 'a')]",False,6.0,8,0.01353637901861252,2.0,nan,,0.0,591.0,[],Carter Page FISA::*2*3*4*||,0.5714285714285714,3,2.0,0.0,449,sicsemp4ever
3,"['james comey', 'carter page fisa']",James Comey should resign at @FBI unless he was lied to about Carter Page FISA warrant.,['carter page fisa'],1.0,"['james comey', 'carter page', 'fisa']","[('james comey', 'g'), ('carter page fisa', 'a')]",False,5.0,9,0.01782178217821782,2.0,nypost,,0.3333333333333333,505.0,['james comey'],James Comey::*0*1*||Carter Page FISA::*12*13*14*||,0.6428571428571429,0,3.0,1.0,452,SteveWCarlson
4,"['msm', 'carter page', 'moscow', 'gop']",Where was the MSM when Carter Page was jetting off to Moscow for marching orders a week before the GOP convention?,['msm'],0.0,"['msm', 'carter page', 'moscow', 'gop']","[('msm', 'a'), ('carter page', 'g'), ('moscow', 'g'), ('gop', 'g')]",False,5.0,9,0.01782178217821782,1.0,nan,,3.0,505.0,"['carter page', 'moscow', 'gop']",MSM::*3*||Carter Page::*5*6*||Moscow::*11*||GOP::*19*||,0.6428571428571429,0,4.0,3.0,457,Picassokat
5,"['obama', 'trump']",Obama was surveilling Trump advisors!,['obama'],0.0,"['obama', 'trump']","[('obama', 'a'), ('trump', 'g')]",False,4.0,10,0.023696682464454975,1.0,nan,,1.0,422.0,['trump'],Trump::*3*||,0.7142857142857143,1,2.0,1.0,512,DoghouseDano
6,"['party', 'msm']","Corrupt pigs benefiting from 2-party MSM fawns selling BS to people who trust them, negotiating.",['msm'],0.0,['msm'],"[('party', 'b'), ('msm', 'a')]",False,3.0,11,0.03133903133903134,1.0,nan,,0.0,351.0,[],2-party MSM::*4*5*||,0.7857142857142857,1,1.0,0.0,556,phpress
8,"['obama', 'american']",OBAMA HAS FAILED THE AMERICAN PEOPLE!,['obama'],0.0,"['obama', 'american people']","[('obama', 'a'), ('american', 'g')]",False,2.0,12,0.04363636363636364,2.0,nan,,0.0,275.0,['american'],nan,0.8571428571428571,0,2.0,0.0,602,IrresistibleDJT
13,['look'],cc @MarkAmodeiNV2 take a good look.,['look'],1.0,[],"[('look', 'a')]",False,1.0,13,0.06842105263157895,0.0,VoteAmodeiOut,,0.0,190.0,[],,0.9285714285714286,0,0.0,0.0,684,LVAnnie
0,"['report', 'fisa court', 'fbi', 'look', 'comey', 'obama']","Report: FISA court approved FBI's @Twitter, Look ≡ƒæÇ at Comey, Obama.","['look', 'obama']",1.0,"['fisa', 'comey', 'obama']","[('report', 'b'), ('fisa court', 'b'), ('fbi', 'g'), ('look', 'a'), ('comey', 'g'), ('obama', 'a')]",False,8.0,7,0.009198423127463863,2.0,nan,,0.3333333333333333,761.0,"['fbi', 'comey']",FISA::*1*||FBI's::*4*||Look::*6*||Comey::*9*||Obama::*10*||,0.4666666666666667,0,3.0,1.0,357,MorvantCheryl
1,['msm'],WAKE UP MSM.,['msm'],0.0,['msm'],"[('msm', 'a')]",False,8.0,7,0.009198423127463863,1.0,nan,,0.0,761.0,[],nan,0.4666666666666667,4,1.0,0.0,377,bonecho5
2,['carter page fisa'],This week: Carter Page FISA warrant,['carter page fisa'],1.0,"['carter page', 'fisa']","[('carter page fisa', 'a')]",False,7.0,8,0.01171303074670571,2.0,nan,,0.0,683.0,[],Carter Page FISA::*2*3*4*||,0.5333333333333333,3,2.0,0.0,449,sicsemp4ever
3,"['james comey', 'carter page fisa']",James Comey should resign at @FBI unless he was lied to about Carter Page FISA warrant.,['carter page fisa'],1.0,"['james comey', 'carter page', 'fisa']","[('james comey', 'g'), ('carter page fisa', 'a')]",False,6.0,9,0.01507537688442211,2.0,nypost,,0.3333333333333333,597.0,['james comey'],James Comey::*0*1*||Carter Page FISA::*12*13*14*||,0.6,0,3.0,1.0,452,SteveWCarlson
4,"['msm', 'carter page', 'moscow', 'gop']",Where was the MSM when Carter Page was jetting off to Moscow for marching orders a week before the GOP convention?,['msm'],0.0,"['msm', 'carter page', 'moscow', 'gop']","[('msm', 'a'), ('carter page', 'g'), ('moscow', 'g'), ('gop', 'g')]",False,6.0,9,0.01507537688442211,1.0,nan,,3.0,597.0,"['carter page', 'moscow', 'gop']",MSM::*3*||Carter Page::*5*6*||Moscow::*11*||GOP::*19*||,0.6,0,4.0,3.0,457,Picassokat
5,"['obama', 'trump']",Obama was surveilling Trump advisors!,['obama'],0.0,"['obama', 'trump']","[('obama', 'a'), ('trump', 'g')]",False,5.0,10,0.019455252918287938,1.0,nan,,1.0,514.0,['trump'],Trump::*3*||,0.6666666666666666,1,2.0,1.0,512,DoghouseDano
6,"['party', 'msm', 'people']","Corrupt pigs benefiting from 2-party MSM fawns selling BS to people who trust them, negotiating.",['msm'],0.0,['msm'],"[('party', 'b'), ('msm', 'a'), ('people', 'b')]",False,4.0,11,0.024830699774266364,1.0,nan,,0.0,443.0,[],2-party MSM::*4*5*||,0.7333333333333333,1,1.0,0.0,556,phpress
7,"['obama', 'american', 'people']",OBAMA HAS FAILED THE AMERICAN PEOPLE!,['obama'],0.0,"['obama', 'american people']","[('obama', 'a'), ('american', 'g'), ('people', 'b')]",False,3.0,12,0.0326975476839237,2.0,nan,,0.0,367.0,['american'],nan,0.8,0,2.0,0.0,602,IrresistibleDJT
8,['look'],cc @MarkAmodeiNV2 take a good look.,['look'],1.0,[],"[('look', 'a')]",False,2.0,13,0.04609929078014184,0.0,VoteAmodeiOut,,0.0,282.0,[],,0.8666666666666667,0,0.0,0.0,684,LVAnnie
17,"['answer', 'god']","We will ALL HAVE TO ANSWER TO GOD, EVEN YOU @realDonaldTrump",['answer'],1.0,[],"[('answer', 'a'), ('god', 'b')]",False,0.0,15,0.16304347826086957,0.0,"ahca, gopkillspeople, thegop",,0.0,92.0,[],ANSWER::*5*||GOD::*7*||,1.0,0,0.0,0.0,755,blissful1985
21,"['rep', 'voted']","If your Rep voted for , call them on it.",['rep'],1.0,[],"[('rep', 'a'), ('voted', 'b')]",False,0.0,15,0.16304347826086957,0.0,AHCA,,0.0,92.0,[],Rep::*2*||,1.0,1,0.0,0.0,756,michael_w_busch
22,"['rep', 'voted']","If your Rep voted against it, thank them.",['rep'],1.0,[],"[('rep', 'a'), ('voted', 'b')]",False,0.0,15,0.16304347826086957,0.0,AHCA,,0.0,92.0,[],Rep::*2*||,1.0,2,0.0,0.0,756,michael_w_busch
37,['answer'],Answer is obvious.,['answer'],1.0,[],"[('answer', 'a')]",False,0.0,15,0.16304347826086957,0.0,nan,,0.0,92.0,[],,1.0,1,0.0,0.0,762,TheKrothRoads
52,"['look', 'voted']",Look at the shit-eating grin on this disgusting worm who voted today to destroy the lives of hundreds of thousands of his constituents.,['look'],1.0,[],"[('look', 'a'), ('voted', 'b')]",False,0.0,15,0.16304347826086957,0.0,nan,,0.0,92.0,[],,1.0,0,0.0,0.0,771,up_in_the_Jer
56,"['american', 'people', 'getting', 'obama']",how much of this has to do with the American people and their lives vs. Getting revenge on Obama,['obama'],0.0,"['american', 'obama']","[('american', 'g'), ('people', 'b'), ('getting', 'na'), ('obama', 'a')]",False,0.0,15,0.16304347826086957,1.0,"AHCA, shameonyou, preexistingconditions",,1.0,92.0,['american'],American::*9*||Getting::*15*||Obama::*18*||,1.0,0,2.0,1.0,775,mummadi123
63,"['rep', 'arizona', 'vote']",Only (R) rep in Arizona to vote no.,['rep'],1.0,['arizona'],"[('rep', 'a'), ('arizona', 'na'), ('vote', 'b')]",False,0.0,15,0.16304347826086957,1.0,nan,,0.0,92.0,[],Arizona::*4*||,1.0,0,1.0,0.0,780,AmberKinion
73,['answer'],Answer here:  @FrankieDarcell @LesterHoltNBC @NBCNightlyNews,['answer'],1.0,[],"[('answer', 'a')]",False,0.0,15,0.16304347826086957,0.0,obamacare,,0.0,92.0,[],,1.0,1,0.0,0.0,784,wdasfm
77,['rep'],"donate here to support @mikelevinca fight for the 307k californians rep. issa betrayed today.


 ",['rep'],1.0,['nan'],"[('rep', 'a')]",False,0.0,15,0.16304347826086957,1.0,"saveaca, ahca",,0.0,92.0,[],nan,1.0,0,1.0,0.0,788,iamtimothydavis
0,"['report', 'fisa court', 'fbi', 'look', 'comey', 'obama']","Report: FISA court approved FBI's @Twitter, Look ≡ƒæÇ at Comey, Obama.","['look', 'obama']",1.0,"['fisa', 'comey', 'obama']","[('report', 'b'), ('fisa court', 'b'), ('fbi', 'g'), ('look', 'a'), ('comey', 'g'), ('obama', 'a')]",False,9.0,7,0.008177570093457943,2.0,nan,,0.3333333333333333,856.0,"['fbi', 'comey']",FISA::*1*||FBI's::*4*||Look::*6*||Comey::*9*||Obama::*10*||,0.4375,0,3.0,1.0,357,MorvantCheryl
1,['msm'],WAKE UP MSM.,['msm'],0.0,['msm'],"[('msm', 'a')]",False,9.0,7,0.008177570093457943,1.0,nan,,0.0,856.0,[],nan,0.4375,4,1.0,0.0,377,bonecho5
2,['carter page fisa'],This week: Carter Page FISA warrant,['carter page fisa'],1.0,"['carter page', 'fisa']","[('carter page fisa', 'a')]",False,8.0,8,0.010282776349614395,2.0,nan,,0.0,778.0,[],Carter Page FISA::*2*3*4*||,0.5,3,2.0,0.0,449,sicsemp4ever
3,"['james comey', 'carter page fisa']",James Comey should resign at @FBI unless he was lied to about Carter Page FISA warrant.,['carter page fisa'],1.0,"['james comey', 'carter page', 'fisa']","[('james comey', 'g'), ('carter page fisa', 'a')]",False,7.0,9,0.01300578034682081,2.0,nypost,,0.3333333333333333,692.0,['james comey'],James Comey::*0*1*||Carter Page FISA::*12*13*14*||,0.5625,0,3.0,1.0,452,SteveWCarlson
4,"['msm', 'carter page', 'moscow', 'gop']",Where was the MSM when Carter Page was jetting off to Moscow for marching orders a week before the GOP convention?,['msm'],0.0,"['msm', 'carter page', 'moscow', 'gop']","[('msm', 'a'), ('carter page', 'g'), ('moscow', 'g'), ('gop', 'g')]",False,7.0,9,0.01300578034682081,1.0,nan,,3.0,692.0,"['carter page', 'moscow', 'gop']",MSM::*3*||Carter Page::*5*6*||Moscow::*11*||GOP::*19*||,0.5625,0,4.0,3.0,457,Picassokat
5,"['obama', 'trump']",Obama was surveilling Trump advisors!,['obama'],0.0,"['obama', 'trump']","[('obama', 'a'), ('trump', 'g')]",False,6.0,10,0.016420361247947456,1.0,nan,,1.0,609.0,['trump'],Trump::*3*||,0.625,1,2.0,1.0,512,DoghouseDano
6,"['party', 'msm', 'people']","Corrupt pigs benefiting from 2-party MSM fawns selling BS to people who trust them, negotiating.",['msm'],0.0,['msm'],"[('party', 'b'), ('msm', 'a'), ('people', 'b')]",False,5.0,11,0.020446096654275093,1.0,nan,,0.0,538.0,[],2-party MSM::*4*5*||,0.6875,1,1.0,0.0,556,phpress
7,"['obama', 'american', 'people']",OBAMA HAS FAILED THE AMERICAN PEOPLE!,['obama'],0.0,"['obama', 'american people']","[('obama', 'a'), ('american', 'g'), ('people', 'b')]",False,4.0,12,0.025974025974025976,2.0,nan,,0.0,462.0,['american'],nan,0.75,0,2.0,0.0,602,IrresistibleDJT
8,['look'],cc @MarkAmodeiNV2 take a good look.,['look'],1.0,[],"[('look', 'a')]",False,3.0,13,0.034482758620689655,0.0,VoteAmodeiOut,,0.0,377.0,[],,0.8125,0,0.0,0.0,684,LVAnnie
9,"['answer', 'god']","We will ALL HAVE TO ANSWER TO GOD, EVEN YOU @realDonaldTrump","['answer', 'god']",2.0,[],"[('answer', 'a'), ('god', 'a')]",False,1.0,15,0.08021390374331551,0.0,"ahca, gopkillspeople, thegop",,0.0,187.0,[],ANSWER::*5*||GOD::*7*||,0.9375,0,0.0,0.0,755,blissful1985
12,['answer'],Answer is obvious.,['answer'],1.0,[],"[('answer', 'a')]",False,1.0,15,0.08021390374331551,0.0,nan,,0.0,187.0,[],,0.9375,1,0.0,0.0,762,TheKrothRoads
13,"['look', 'voted']",Look at the shit-eating grin on this disgusting worm who voted today to destroy the lives of hundreds of thousands of his constituents.,['look'],1.0,[],"[('look', 'a'), ('voted', 'b')]",False,1.0,15,0.08021390374331551,0.0,nan,,0.0,187.0,[],,0.9375,0,0.0,0.0,771,up_in_the_Jer
14,"['american', 'people', 'getting', 'obama']",how much of this has to do with the American people and their lives vs. Getting revenge on Obama,['obama'],0.0,"['american', 'obama']","[('american', 'g'), ('people', 'b'), ('getting', 'g'), ('obama', 'a')]",False,1.0,15,0.08021390374331551,1.0,"AHCA, shameonyou, preexistingconditions",,1.0,187.0,"['american', 'getting']",American::*9*||Getting::*15*||Obama::*18*||,0.9375,0,2.0,1.0,775,mummadi123
16,['answer'],Answer here:  @FrankieDarcell @LesterHoltNBC @NBCNightlyNews,['answer'],1.0,[],"[('answer', 'a')]",False,1.0,15,0.08021390374331551,0.0,obamacare,,0.0,187.0,[],,0.9375,1,0.0,0.0,784,wdasfm
26,"['god', 'people']",God won't let you get away with hurting so many people over healthcare,['god'],1.0,[],"[('god', 'a'), ('people', 'b')]",False,0.0,16,0.16842105263157894,0.0,nan,,0.0,95.0,[],,1.0,1,0.0,0.0,804,melinda_lu18
57,['look'],That he would look out for you.,['look'],1.0,[],"[('look', 'a')]",False,0.0,16,0.16842105263157894,0.0,AHCA,,0.0,95.0,[],,1.0,1,0.0,0.0,821,beautifullynerd
0,"['report', 'fisa court', 'fbi', 'look', 'comey', 'obama']","Report: FISA court approved FBI's @Twitter, Look ≡ƒæÇ at Comey, Obama.","['look', 'obama']",1.0,"['fisa', 'comey', 'obama']","[('report', 'b'), ('fisa court', 'b'), ('fbi', 'g'), ('look', 'a'), ('comey', 'g'), ('obama', 'a')]",False,10.0,7,0.00755939524838013,2.0,nan,,0.3333333333333333,926.0,"['fbi', 'comey']",FISA::*1*||FBI's::*4*||Look::*6*||Comey::*9*||Obama::*10*||,0.4117647058823529,0,3.0,1.0,357,MorvantCheryl
1,['msm'],WAKE UP MSM.,['msm'],0.0,['msm'],"[('msm', 'a')]",False,10.0,7,0.00755939524838013,1.0,nan,,0.0,926.0,[],nan,0.4117647058823529,4,1.0,0.0,377,bonecho5
2,['carter page fisa'],This week: Carter Page FISA warrant,['carter page fisa'],1.0,"['carter page', 'fisa']","[('carter page fisa', 'a')]",False,9.0,8,0.009433962264150943,2.0,nan,,0.0,848.0,[],Carter Page FISA::*2*3*4*||,0.47058823529411764,3,2.0,0.0,449,sicsemp4ever
3,"['james comey', 'carter page fisa']",James Comey should resign at @FBI unless he was lied to about Carter Page FISA warrant.,['carter page fisa'],1.0,"['james comey', 'carter page', 'fisa']","[('james comey', 'g'), ('carter page fisa', 'a')]",False,8.0,9,0.011811023622047244,2.0,nypost,,0.3333333333333333,762.0,['james comey'],James Comey::*0*1*||Carter Page FISA::*12*13*14*||,0.5294117647058824,0,3.0,1.0,452,SteveWCarlson
4,"['msm', 'carter page', 'moscow', 'gop']",Where was the MSM when Carter Page was jetting off to Moscow for marching orders a week before the GOP convention?,['msm'],0.0,"['msm', 'carter page', 'moscow', 'gop']","[('msm', 'a'), ('carter page', 'g'), ('moscow', 'g'), ('gop', 'g')]",False,8.0,9,0.011811023622047244,1.0,nan,,3.0,762.0,"['carter page', 'moscow', 'gop']",MSM::*3*||Carter Page::*5*6*||Moscow::*11*||GOP::*19*||,0.5294117647058824,0,4.0,3.0,457,Picassokat
5,"['obama', 'trump']",Obama was surveilling Trump advisors!,['obama'],0.0,"['obama', 'trump']","[('obama', 'a'), ('trump', 'g')]",False,7.0,10,0.014727540500736377,1.0,nan,,1.0,679.0,['trump'],Trump::*3*||,0.5882352941176471,1,2.0,1.0,512,DoghouseDano
6,"['party', 'msm', 'people']","Corrupt pigs benefiting from 2-party MSM fawns selling BS to people who trust them, negotiating.",['msm'],0.0,['msm'],"[('party', 'b'), ('msm', 'a'), ('people', 'b')]",False,6.0,11,0.018092105263157895,1.0,nan,,0.0,608.0,[],2-party MSM::*4*5*||,0.6470588235294118,1,1.0,0.0,556,phpress
7,"['obama', 'american', 'people']",OBAMA HAS FAILED THE AMERICAN PEOPLE!,['obama'],0.0,"['obama', 'american people']","[('obama', 'a'), ('american', 'g'), ('people', 'b')]",False,5.0,12,0.022556390977443608,2.0,nan,,0.0,532.0,['american'],nan,0.7058823529411765,0,2.0,0.0,602,IrresistibleDJT
8,['look'],cc @MarkAmodeiNV2 take a good look.,['look'],1.0,[],"[('look', 'a')]",False,4.0,13,0.029082774049217,0.0,VoteAmodeiOut,,0.0,447.0,[],,0.7647058823529411,0,0.0,0.0,684,LVAnnie
9,"['answer', 'god']","We will ALL HAVE TO ANSWER TO GOD, EVEN YOU @realDonaldTrump","['answer', 'god']",2.0,[],"[('answer', 'a'), ('god', 'a')]",False,2.0,15,0.058365758754863814,0.0,"ahca, gopkillspeople, thegop",,0.0,257.0,[],ANSWER::*5*||GOD::*7*||,0.8823529411764706,0,0.0,0.0,755,blissful1985
10,['answer'],Answer is obvious.,['answer'],1.0,[],"[('answer', 'a')]",False,2.0,15,0.058365758754863814,0.0,nan,,0.0,257.0,[],,0.8823529411764706,1,0.0,0.0,762,TheKrothRoads
11,"['look', 'voted']",Look at the shit-eating grin on this disgusting worm who voted today to destroy the lives of hundreds of thousands of his constituents.,['look'],1.0,[],"[('look', 'a'), ('voted', 'b')]",False,2.0,15,0.058365758754863814,0.0,nan,,0.0,257.0,[],,0.8823529411764706,0,0.0,0.0,771,up_in_the_Jer
12,"['american', 'people', 'getting', 'obama']",how much of this has to do with the American people and their lives vs. Getting revenge on Obama,['obama'],0.0,"['american', 'obama']","[('american', 'g'), ('people', 'b'), ('getting', 'g'), ('obama', 'a')]",False,2.0,15,0.058365758754863814,1.0,"AHCA, shameonyou, preexistingconditions",,1.0,257.0,"['american', 'getting']",American::*9*||Getting::*15*||Obama::*18*||,0.8823529411764706,0,2.0,1.0,775,mummadi123
13,['answer'],Answer here:  @FrankieDarcell @LesterHoltNBC @NBCNightlyNews,['answer'],1.0,[],"[('answer', 'a')]",False,2.0,15,0.058365758754863814,0.0,obamacare,,0.0,257.0,[],,0.8823529411764706,1,0.0,0.0,784,wdasfm
14,"['god', 'people']",God won't let you get away with hurting so many people over healthcare,['god'],1.0,[],"[('god', 'a'), ('people', 'b')]",False,1.0,16,0.09696969696969697,0.0,nan,,0.0,165.0,[],,0.9411764705882353,1,0.0,0.0,804,melinda_lu18
15,['look'],That he would look out for you.,['look'],1.0,[],"[('look', 'a')]",False,1.0,16,0.09696969696969697,0.0,AHCA,,0.0,165.0,[],,0.9411764705882353,1,0.0,0.0,821,beautifullynerd
46,"['house republicans', 'passed a bill', 'repeal', 'replace', 'obamacare']",": House Republicans have narrowly passed a bill to repeal and replace Obamacare, in a major victory for @realDonaldTrump",['replace'],1.0,"['house republicans', 'obamacare']","[('house republicans', 'g'), ('passed a bill', 'na'), ('repeal', 'b'), ('replace', 'a'), ('obamacare', 'g')]",False,0.0,17,0.24285714285714285,0.0,BREAKING,,2.0,70.0,"['house republicans', 'obamacare']",House Republicans::*1*2*||Obamacare::*12*||,1.0,0,2.0,2.0,869,carolinemarcus
51,"['usa', 'trump', '000 americans']","Again, USA: Trump wants  so that he can kill 29,000 Americans a year and give himself $75 for every death.",['usa'],0.0,"['usa', 'trump', 'americans']","[('usa', 'a'), ('trump', 'g'), ('000 americans', 'na')]",False,0.0,17,0.24285714285714285,2.0,AHCA,,0.5,70.0,['trump'],USA::*1*||Trump::*2*||000 Americans::*10*11*||,1.0,0,3.0,1.0,874,michael_w_busch
53,"['loyal gop', 'dt', 'rep—but']","-If R/conserv: Loyal GOP; DT may have lost u, but stand by this Rep—BUT  travesty loses it (turning you single-issue)",['dt'],0.0,"['gop', 'rep', 'dt']","[('loyal gop', 'na'), ('dt', 'a'), ('rep—but', 'na')]",False,0.0,17,0.24285714285714285,3.0,AHCA,,0.0,70.0,[],Loyal GOP::*3*4*||DT::*5*||Rep—BUT::*14*||,1.0,0,3.0,0.0,876,antonejohnson
0,"['report', 'fisa court', 'fbi', 'look', 'comey', 'obama']","Report: FISA court approved FBI's @Twitter, Look ≡ƒæÇ at Comey, Obama.","['look', 'obama']",1.0,"['fisa', 'comey', 'obama']","[('report', 'b'), ('fisa court', 'b'), ('fbi', 'g'), ('look', 'a'), ('comey', 'g'), ('obama', 'a')]",False,11.0,7,0.007,2.0,nan,,0.3333333333333333,1000.0,"['fbi', 'comey']",FISA::*1*||FBI's::*4*||Look::*6*||Comey::*9*||Obama::*10*||,0.3888888888888889,0,3.0,1.0,357,MorvantCheryl
1,['msm'],WAKE UP MSM.,['msm'],0.0,['msm'],"[('msm', 'a')]",False,11.0,7,0.007,1.0,nan,,0.0,1000.0,[],nan,0.3888888888888889,4,1.0,0.0,377,bonecho5
2,['carter page fisa'],This week: Carter Page FISA warrant,['carter page fisa'],1.0,"['carter page', 'fisa']","[('carter page fisa', 'a')]",False,10.0,8,0.008676789587852495,2.0,nan,,0.0,922.0,[],Carter Page FISA::*2*3*4*||,0.4444444444444444,3,2.0,0.0,449,sicsemp4ever
3,"['james comey', 'carter page fisa']",James Comey should resign at @FBI unless he was lied to about Carter Page FISA warrant.,['carter page fisa'],1.0,"['james comey', 'carter page', 'fisa']","[('james comey', 'g'), ('carter page fisa', 'a')]",False,9.0,9,0.01076555023923445,2.0,nypost,,0.3333333333333333,836.0,['james comey'],James Comey::*0*1*||Carter Page FISA::*12*13*14*||,0.5,0,3.0,1.0,452,SteveWCarlson
4,"['msm', 'carter page', 'moscow', 'gop']",Where was the MSM when Carter Page was jetting off to Moscow for marching orders a week before the GOP convention?,['msm'],0.0,"['msm', 'carter page', 'moscow', 'gop']","[('msm', 'a'), ('carter page', 'g'), ('moscow', 'g'), ('gop', 'g')]",False,9.0,9,0.01076555023923445,1.0,nan,,3.0,836.0,"['carter page', 'moscow', 'gop']",MSM::*3*||Carter Page::*5*6*||Moscow::*11*||GOP::*19*||,0.5,0,4.0,3.0,457,Picassokat
5,"['obama', 'trump']",Obama was surveilling Trump advisors!,['obama'],0.0,"['obama', 'trump']","[('obama', 'a'), ('trump', 'g')]",False,8.0,10,0.013280212483399735,1.0,nan,,1.0,753.0,['trump'],Trump::*3*||,0.5555555555555556,1,2.0,1.0,512,DoghouseDano
6,"['party', 'msm', 'people']","Corrupt pigs benefiting from 2-party MSM fawns selling BS to people who trust them, negotiating.",['msm'],0.0,['msm'],"[('party', 'b'), ('msm', 'a'), ('people', 'b')]",False,7.0,11,0.016129032258064516,1.0,nan,,0.0,682.0,[],2-party MSM::*4*5*||,0.6111111111111112,1,1.0,0.0,556,phpress
7,"['obama', 'american', 'people']",OBAMA HAS FAILED THE AMERICAN PEOPLE!,['obama'],0.0,"['obama', 'american people']","[('obama', 'a'), ('american', 'g'), ('people', 'b')]",False,6.0,12,0.019801980198019802,2.0,nan,,0.0,606.0,['american'],nan,0.6666666666666666,0,2.0,0.0,602,IrresistibleDJT
8,['look'],cc @MarkAmodeiNV2 take a good look.,['look'],1.0,[],"[('look', 'a')]",False,5.0,13,0.02495201535508637,0.0,VoteAmodeiOut,,0.0,521.0,[],,0.7222222222222222,0,0.0,0.0,684,LVAnnie
9,"['answer', 'god']","We will ALL HAVE TO ANSWER TO GOD, EVEN YOU @realDonaldTrump","['answer', 'god']",2.0,[],"[('answer', 'a'), ('god', 'a')]",False,3.0,15,0.045317220543806644,0.0,"ahca, gopkillspeople, thegop",,0.0,331.0,[],ANSWER::*5*||GOD::*7*||,0.8333333333333334,0,0.0,0.0,755,blissful1985
10,['answer'],Answer is obvious.,['answer'],1.0,[],"[('answer', 'a')]",False,3.0,15,0.045317220543806644,0.0,nan,,0.0,331.0,[],,0.8333333333333334,1,0.0,0.0,762,TheKrothRoads
11,"['look', 'voted']",Look at the shit-eating grin on this disgusting worm who voted today to destroy the lives of hundreds of thousands of his constituents.,['look'],1.0,[],"[('look', 'a'), ('voted', 'b')]",False,3.0,15,0.045317220543806644,0.0,nan,,0.0,331.0,[],,0.8333333333333334,0,0.0,0.0,771,up_in_the_Jer
12,"['american', 'people', 'getting', 'obama']",how much of this has to do with the American people and their lives vs. Getting revenge on Obama,['obama'],0.0,"['american', 'obama']","[('american', 'g'), ('people', 'b'), ('getting', 'g'), ('obama', 'a')]",False,3.0,15,0.045317220543806644,1.0,"AHCA, shameonyou, preexistingconditions",,1.0,331.0,"['american', 'getting']",American::*9*||Getting::*15*||Obama::*18*||,0.8333333333333334,0,2.0,1.0,775,mummadi123
13,['answer'],Answer here:  @FrankieDarcell @LesterHoltNBC @NBCNightlyNews,['answer'],1.0,[],"[('answer', 'a')]",False,3.0,15,0.045317220543806644,0.0,obamacare,,0.0,331.0,[],,0.8333333333333334,1,0.0,0.0,784,wdasfm
14,"['god', 'get', 'people']",God won't let you get away with hurting so many people over healthcare,['god'],1.0,[],"[('god', 'a'), ('get', 'b'), ('people', 'b')]",False,2.0,16,0.06694560669456066,0.0,nan,,0.0,239.0,[],,0.8888888888888888,1,0.0,0.0,804,melinda_lu18
15,['look'],That he would look out for you.,['look'],1.0,[],"[('look', 'a')]",False,2.0,16,0.06694560669456066,0.0,AHCA,,0.0,239.0,[],,0.8888888888888888,1,0.0,0.0,821,beautifullynerd
46,['obama'],Pretty much everything Obama did.,['obama'],1.0,[],"[('obama', 'a')]",False,0.0,18,0.24324324324324326,0.0,"AHCA, Obamacare",,0.0,74.0,[],nan,1.0,2,0.0,0.0,915,kohljm
0,"['report', 'fisa court', 'fbi', 'look', 'comey', 'obama']","Report: FISA court approved FBI's @Twitter, Look ≡ƒæÇ at Comey, Obama.","['look', 'obama']",1.0,"['fisa', 'comey', 'obama']","[('report', 'b'), ('fisa court', 'b'), ('fbi', 'g'), ('look', 'a'), ('comey', 'g'), ('obama', 'a')]",False,12.0,7,0.006457564575645757,2.0,nan,,0.3333333333333333,1084.0,"['fbi', 'comey']",FISA::*1*||FBI's::*4*||Look::*6*||Comey::*9*||Obama::*10*||,0.3684210526315789,0,3.0,1.0,357,MorvantCheryl
1,['msm'],WAKE UP MSM.,['msm'],0.0,['msm'],"[('msm', 'a')]",False,12.0,7,0.006457564575645757,1.0,nan,,0.0,1084.0,[],nan,0.3684210526315789,4,1.0,0.0,377,bonecho5
2,['carter page fisa'],This week: Carter Page FISA warrant,['carter page fisa'],1.0,"['carter page', 'fisa']","[('carter page fisa', 'a')]",False,11.0,8,0.007952286282306162,2.0,nan,,0.0,1006.0,[],Carter Page FISA::*2*3*4*||,0.42105263157894735,3,2.0,0.0,449,sicsemp4ever
3,"['james comey', 'carter page fisa']",James Comey should resign at @FBI unless he was lied to about Carter Page FISA warrant.,['carter page fisa'],1.0,"['james comey', 'carter page', 'fisa']","[('james comey', 'g'), ('carter page fisa', 'a')]",False,10.0,9,0.009782608695652175,2.0,nypost,,0.3333333333333333,920.0,['james comey'],James Comey::*0*1*||Carter Page FISA::*12*13*14*||,0.47368421052631576,0,3.0,1.0,452,SteveWCarlson
4,"['msm', 'carter page', 'moscow', 'gop']",Where was the MSM when Carter Page was jetting off to Moscow for marching orders a week before the GOP convention?,['msm'],0.0,"['msm', 'carter page', 'moscow', 'gop']","[('msm', 'a'), ('carter page', 'g'), ('moscow', 'g'), ('gop', 'g')]",False,10.0,9,0.009782608695652175,1.0,nan,,3.0,920.0,"['carter page', 'moscow', 'gop']",MSM::*3*||Carter Page::*5*6*||Moscow::*11*||GOP::*19*||,0.47368421052631576,0,4.0,3.0,457,Picassokat
5,"['obama', 'trump']",Obama was surveilling Trump advisors!,['obama'],0.0,"['obama', 'trump']","[('obama', 'a'), ('trump', 'g')]",False,9.0,10,0.011947431302270013,1.0,nan,,1.0,837.0,['trump'],Trump::*3*||,0.5263157894736842,1,2.0,1.0,512,DoghouseDano
6,"['party', 'msm', 'people']","Corrupt pigs benefiting from 2-party MSM fawns selling BS to people who trust them, negotiating.",['msm'],0.0,['msm'],"[('party', 'b'), ('msm', 'a'), ('people', 'b')]",False,8.0,11,0.014360313315926894,1.0,nan,,0.0,766.0,[],2-party MSM::*4*5*||,0.5789473684210527,1,1.0,0.0,556,phpress
7,"['obama', 'american', 'people']",OBAMA HAS FAILED THE AMERICAN PEOPLE!,['obama'],0.0,"['obama', 'american people']","[('obama', 'a'), ('american', 'g'), ('people', 'b')]",False,7.0,12,0.017391304347826087,2.0,nan,,0.0,690.0,['american'],nan,0.631578947368421,0,2.0,0.0,602,IrresistibleDJT
8,['look'],cc @MarkAmodeiNV2 take a good look.,['look'],1.0,[],"[('look', 'a')]",False,6.0,13,0.021487603305785124,0.0,VoteAmodeiOut,,0.0,605.0,[],,0.6842105263157895,0,0.0,0.0,684,LVAnnie
9,"['answer', 'god']","We will ALL HAVE TO ANSWER TO GOD, EVEN YOU @realDonaldTrump","['answer', 'god']",2.0,[],"[('answer', 'a'), ('god', 'a')]",False,4.0,15,0.03614457831325301,0.0,"ahca, gopkillspeople, thegop",,0.0,415.0,[],ANSWER::*5*||GOD::*7*||,0.7894736842105263,0,0.0,0.0,755,blissful1985
10,['answer'],Answer is obvious.,['answer'],1.0,[],"[('answer', 'a')]",False,4.0,15,0.03614457831325301,0.0,nan,,0.0,415.0,[],,0.7894736842105263,1,0.0,0.0,762,TheKrothRoads
11,"['look', 'voted']",Look at the shit-eating grin on this disgusting worm who voted today to destroy the lives of hundreds of thousands of his constituents.,['look'],1.0,[],"[('look', 'a'), ('voted', 'b')]",False,4.0,15,0.03614457831325301,0.0,nan,,0.0,415.0,[],,0.7894736842105263,0,0.0,0.0,771,up_in_the_Jer
12,"['american', 'people', 'getting', 'obama']",how much of this has to do with the American people and their lives vs. Getting revenge on Obama,['obama'],0.0,"['american', 'obama']","[('american', 'g'), ('people', 'b'), ('getting', 'g'), ('obama', 'a')]",False,4.0,15,0.03614457831325301,1.0,"AHCA, shameonyou, preexistingconditions",,1.0,415.0,"['american', 'getting']",American::*9*||Getting::*15*||Obama::*18*||,0.7894736842105263,0,2.0,1.0,775,mummadi123
13,['answer'],Answer here:  @FrankieDarcell @LesterHoltNBC @NBCNightlyNews,['answer'],1.0,[],"[('answer', 'a')]",False,4.0,15,0.03614457831325301,0.0,obamacare,,0.0,415.0,[],,0.7894736842105263,1,0.0,0.0,784,wdasfm
14,"['god', 'get', 'people']",God won't let you get away with hurting so many people over healthcare,['god'],1.0,[],"[('god', 'a'), ('get', 'b'), ('people', 'b')]",False,3.0,16,0.04953560371517028,0.0,nan,,0.0,323.0,[],,0.8421052631578947,1,0.0,0.0,804,melinda_lu18
15,['look'],That he would look out for you.,['look'],1.0,[],"[('look', 'a')]",False,3.0,16,0.04953560371517028,0.0,AHCA,,0.0,323.0,[],,0.8421052631578947,1,0.0,0.0,821,beautifullynerd
16,['obama'],Pretty much everything Obama did.,['obama'],1.0,[],"[('obama', 'a')]",False,1.0,18,0.11392405063291139,0.0,"AHCA, Obamacare",,0.0,158.0,[],nan,0.9473684210526315,2,0.0,0.0,915,kohljm
45,['look'],Oh look.,['look'],1.0,[],"[('look', 'a')]",False,0.0,19,0.2261904761904762,0.0,AHCA,,0.0,84.0,[],,1.0,0,0.0,0.0,968,dlbvet
92,"['rep', 'joe']",My   is Rep. Joe Kennedy.,['rep'],1.0,['rep. joe kennedy'],"[('rep', 'a'), ('joe', 'na')]",False,0.0,19,0.2261904761904762,1.0,"mentalhealthmonth, crush, AHCA",,0.0,84.0,[],nan,1.0,0,1.0,0.0,994,citizen_spatzi
