candidate,batch,length,cap,substring-cap,s-o-sCap,all-cap,non-cap,non-discriminative,cumulative,class
sean spicer,0,2,8647,197,0,66,112,877,9899,1
hitler,0,1,1733,0,191,16,573,84,2597,1
trump,0,1,1264,16,425,18,595,138,2456,1
eric trump,0,2,1300,38,0,2,14,189,1543,1
people,0,1,37,0,56,8,1295,63,1459,0
spicer,0,1,558,0,324,13,231,87,1213,1
get,0,1,30,0,71,10,918,44,1073,0
ivanka,0,1,587,0,121,6,264,55,1033,1
one,0,1,16,0,45,15,901,37,1014,0
carter page,0,2,866,16,0,2,21,94,999,1
think,0,1,7,0,30,4,873,23,937,0
us,0,1,3,0,1,185,682,22,893,0
said,0,1,24,0,5,4,774,27,834,0
time,0,1,20,0,69,12,627,33,761,0
go,0,1,13,0,45,13,622,64,757,0
assad,0,1,406,0,38,1,284,17,746,1
really,0,1,7,0,22,25,591,91,736,0
syria,0,1,390,0,27,2,286,29,734,1
job,0,1,6,0,3,6,679,39,733,0
stupid,0,1,17,0,18,16,611,55,717,0
say,1,1,7,0,21,5,631,34,698,0
right,0,1,7,0,26,8,593,45,679,0
russia,0,1,473,0,47,4,125,28,677,1
good,0,1,22,0,116,3,481,50,672,0
day,0,1,10,0,1,2,558,31,602,0
needs,0,1,4,0,4,3,555,18,584,0
united,0,1,229,0,160,21,114,55,579,1
holocaust,0,1,130,0,7,0,404,31,572,1
idiot,0,1,5,0,10,14,493,48,570,0
pepsi,0,1,175,0,191,15,141,45,567,1
bad,0,1,6,0,15,6,506,27,560,0
administration,0,1,26,0,3,2,502,23,556,0
going,0,1,5,0,17,2,494,26,544,0
history,0,1,17,0,12,1,498,16,544,0
holocaust centers,0,2,247,131,0,7,72,67,524,1
fired,0,1,19,0,2,17,457,24,519,0
use chemical weapons,1,3,36,13,0,3,441,15,508,0
way,0,1,6,0,17,1,456,19,499,0
new,0,1,12,0,76,5,365,40,498,0
white house,0,2,412,2,0,6,32,27,479,1
sean,0,1,193,0,125,7,81,51,457,1
hold,0,1,8,0,29,3,386,21,447,0
eric,0,1,200,0,98,7,91,46,442,1
man,1,1,17,0,21,0,375,24,437,0
gas,0,1,18,0,5,5,381,18,427,0
take,1,1,4,0,26,3,347,16,396,0
thing,0,1,1,0,2,3,369,17,392,0
putin,0,1,223,0,53,5,92,18,391,1
back,0,1,12,0,8,1,335,34,390,0
fucking,1,1,9,0,22,5,290,62,388,0
real,0,1,3,0,17,18,316,31,385,0
got,0,1,5,0,12,1,353,14,385,0
shit,1,1,4,0,4,3,343,26,380,0
see,2,1,6,0,20,4,327,23,380,0
jews,0,1,154,0,17,1,184,20,376,1
fire,0,1,25,0,52,12,237,43,369,0
look,0,1,8,0,50,3,295,12,368,0
united airlines,0,2,323,15,0,0,9,16,363,1
want,1,1,2,0,5,3,332,19,361,0
fbi,0,1,11,0,0,285,49,12,357,1
america,0,1,180,0,52,4,84,35,355,1
news,0,1,20,0,6,5,293,30,354,0
used,0,1,7,0,2,3,326,14,352,0
believe,0,1,1,0,4,3,324,17,349,0
need,2,1,5,0,6,6,319,11,347,0
stop,0,1,13,0,52,6,246,28,345,0
dumb,0,1,6,0,23,3,283,30,345,0
wh,0,1,2,0,1,126,206,7,342,1
daddy,0,1,60,0,62,1,191,26,340,0
trying,0,1,6,0,7,6,303,10,332,0
sink,1,1,30,0,0,1,293,1,325,0
guy,2,1,0,0,1,1,311,12,325,0
actually,0,1,11,0,26,2,267,17,323,0
passover,0,1,231,0,3,12,34,41,321,1
keep,0,1,18,0,74,1,211,16,320,0
wrong,0,1,6,0,4,11,275,24,320,0
makes,0,1,3,0,18,1,268,13,303,0
country,0,1,8,0,0,5,278,11,302,0
beer,1,1,9,0,1,3,275,11,299,0
ignorant,1,1,6,0,7,6,268,9,296,0
family,5,1,4,0,9,2,258,19,292,0
first,0,1,8,0,27,0,245,12,292,0
read,0,1,9,0,40,3,221,18,291,0
worse,2,1,2,0,7,2,260,13,284,0
week,1,1,3,0,2,2,269,5,281,0
great,0,1,7,0,48,5,189,27,276,0
media,0,1,6,0,23,0,221,22,272,0
world,0,1,7,0,10,3,237,14,271,0
sure,1,1,12,0,9,4,231,13,269,0
TRUE,0,1,5,0,16,2,222,17,262,0
donald trump,0,2,215,5,0,2,1,31,254,1
may,0,1,3,0,7,1,205,38,254,0
tweet,0,1,13,0,13,1,203,21,251,0
influenced,6,1,9,0,1,0,222,13,245,0
moscow,0,1,116,0,7,0,108,11,242,1
made,3,1,1,0,1,3,226,11,242,0
show,0,1,8,0,19,3,194,16,240,0
press secretary,0,2,90,7,0,2,129,12,240,0
gas chambers,0,2,9,27,0,7,190,5,238,0
next,1,1,5,0,26,1,199,6,237,0
dad,0,1,39,0,9,2,159,28,237,0
enough,0,1,4,0,15,2,201,13,235,0
father,6,1,13,0,1,1,214,5,234,0
thought,1,1,3,0,5,1,219,5,233,0
press,0,1,8,0,8,1,206,10,233,0
saying,2,1,6,0,2,0,218,5,231,0
story,0,1,2,0,0,1,222,6,231,0
tell,1,1,4,0,19,0,195,10,228,0
wait,1,1,5,0,57,4,134,26,226,0
russian,0,1,151,0,9,2,53,11,226,1
twitter,0,1,92,0,18,0,93,23,226,1
heartbroken,5,1,17,0,20,1,175,13,226,0
words,2,1,1,0,16,1,201,6,225,0
away,0,1,0,0,0,2,207,15,224,0
love,0,1,6,0,27,4,166,20,223,0
obama,0,1,133,0,19,4,45,21,222,1
come,0,1,4,0,26,2,177,13,222,0
mean,1,1,1,0,0,1,215,4,221,0
big,0,1,5,1,13,6,170,25,220,0
last,0,1,1,0,16,0,185,18,220,0
truth,0,1,4,0,10,8,179,18,219,0
used chemical weapons,1,3,33,3,0,0,159,21,216,0
best,2,1,4,0,17,1,178,14,214,0
guess,0,1,4,0,31,0,175,3,213,0
watch,0,1,9,0,41,11,137,14,212,0
god,0,1,55,0,25,2,87,43,212,0
hell,0,1,8,0,12,0,176,15,211,0
nepotism,0,1,8,0,25,1,153,24,211,0
give,1,1,2,0,27,0,170,12,211,0
probably,0,1,3,0,23,0,175,8,209,0
chemical weapons,1,2,27,6,0,1,159,12,205,0
attack,0,1,4,0,2,4,188,7,205,0
ignorance,0,1,1,0,16,1,171,12,201,0
call,1,1,3,0,12,2,176,4,197,0
foreign policy,0,2,8,13,0,0,165,10,196,0
fisa warrant,0,2,9,180,0,1,1,5,196,1
work,1,1,0,0,2,0,183,10,195,0
talk,0,1,6,0,10,2,166,11,195,0
syrian,0,1,96,0,9,0,81,9,195,1
making,2,1,1,0,6,0,170,15,192,0
life,1,1,3,0,7,4,165,13,192,0
moron,0,1,4,0,2,3,167,13,189,0
fact,1,1,0,0,5,1,171,12,189,0
lies,0,1,5,0,2,2,171,8,188,0
put,0,1,8,0,3,2,168,7,188,0
pr,0,1,0,0,0,93,93,1,187,0
looks,0,1,9,0,37,1,138,2,187,0
using chemical weapons,1,3,23,4,0,0,151,8,186,0
year,0,1,2,0,0,0,172,12,186,0
help,0,1,4,0,4,4,163,10,185,0
remember,0,1,7,0,64,2,106,5,184,0
least,0,1,1,0,1,2,173,7,184,0
decision,5,1,8,0,2,0,166,8,184,0
hope,0,1,4,0,19,3,150,7,183,0
head,0,1,6,0,0,1,163,12,182,0
alex jones,0,2,163,2,0,4,1,12,182,1
former trump,0,2,12,165,0,0,0,4,181,0
sad,0,1,4,0,22,6,97,50,179,0
latest,0,1,0,0,6,1,171,1,179,0
might,0,1,6,0,12,0,159,2,179,0
resign,1,1,4,0,8,10,144,13,179,0
ass,0,1,2,0,0,5,155,15,177,0
chemical,1,1,4,0,3,0,162,7,176,0
eric trump says,5,3,21,138,0,0,1,16,176,0
told,0,1,0,0,3,1,163,7,174,0
wonder,0,1,3,0,33,0,134,2,172,0
video,1,1,2,0,8,18,130,12,170,0
military,0,1,3,0,0,0,163,3,169,0
left,0,1,7,0,7,1,142,10,167,0
war,5,1,6,0,2,2,136,21,167,0
concentration camps,1,2,11,6,0,3,137,10,167,0
fire sean spicer,2,3,35,93,0,9,2,26,165,0
mouth,3,1,0,0,1,1,152,10,164,0
fbi obtained fisa warrant,0,4,5,152,0,0,0,6,163,0
long,0,1,1,0,6,1,153,2,163,0
knew,0,1,2,0,2,2,146,9,161,0
joke,0,1,1,0,1,3,148,4,157,0
strike,6,1,4,0,1,0,145,7,157,0
gassed,1,1,1,0,0,4,143,7,155,0
funny,0,1,4,0,14,1,122,10,151,0
holocaust center,0,2,63,39,0,1,26,21,150,1
entire,0,1,1,0,1,1,132,12,147,0
hard,0,1,2,0,8,1,128,6,145,0
pretty,0,1,2,0,27,0,104,11,144,0
lot,0,1,1,0,2,4,132,5,144,0
top,1,1,4,0,22,1,101,16,144,0
u.s,0,1,0,0,0,71,59,13,143,1
children,4,1,2,0,2,0,133,4,141,0
holocaust denial,0,2,19,84,0,4,22,11,140,0
zyklon b,1,2,121,5,0,0,4,9,139,1
end,2,1,5,0,6,0,123,5,139,0
gonna,0,1,2,0,4,0,128,4,138,0
exactly,0,1,8,0,21,4,83,22,138,0
post,1,1,2,0,2,0,130,4,138,0
nazi,0,1,43,0,5,2,78,8,136,0
bomb,5,1,1,0,5,0,121,9,136,0
two,0,1,4,0,16,1,111,4,136,0
thinks,3,1,1,0,2,0,127,4,134,0
the world,4,2,6,13,0,1,110,4,134,0
page,0,1,61,0,22,1,44,5,133,1
ivanka trump,0,2,122,2,0,0,2,7,133,1
talking,3,1,1,0,1,1,123,5,131,0
spicey,0,1,57,0,34,1,28,10,130,1
admin,0,1,6,0,1,0,113,9,129,0
care,2,1,0,0,0,2,118,9,129,0
distraction,0,1,1,0,3,1,111,12,128,0
nice,0,1,5,0,33,0,81,9,128,0
better,5,1,2,0,6,0,115,4,127,0
school,1,1,2,0,2,2,116,5,127,0
killed,1,1,2,0,0,0,123,2,127,0
knows,1,1,6,0,1,2,113,5,127,0
sean spicer said,3,3,9,103,0,1,1,13,127,0
looking,0,1,4,0,6,1,108,7,126,0
getting,2,1,4,0,2,1,114,5,126,0
level,2,1,1,0,0,0,122,2,125,0
anne frank center,0,3,107,6,0,0,1,10,124,1
public,0,1,1,0,2,1,114,6,124,0
son,0,1,5,0,1,0,113,4,123,0
whole,3,1,1,0,0,1,116,3,121,0
course,1,1,0,0,0,3,103,15,121,0
swayed,5,1,28,0,1,0,85,7,121,0
report,0,1,9,0,19,6,78,8,120,0
lying,0,1,2,0,6,4,106,2,120,0
strikes,6,1,1,0,2,1,111,5,120,0
american,0,1,66,0,12,1,33,8,120,1
trump russia,0,2,109,7,0,0,2,1,119,0
campaign,0,1,6,0,1,0,106,5,118,0
nazis,0,1,31,0,2,1,78,5,117,0
distract,0,1,2,0,4,0,109,1,116,0
since,1,1,4,0,9,0,101,2,116,0
gop,0,1,0,0,0,78,33,5,116,1
vote,0,1,4,0,5,6,79,22,116,0
warrant,0,1,1,0,3,1,105,6,116,0
million,0,1,3,0,0,1,106,6,116,0
sean spicer hitler,1,3,106,0,0,0,1,8,115,0
money,0,1,7,0,3,2,91,12,115,0
soon,0,1,0,0,2,1,108,3,114,0
fake,0,1,5,0,11,7,88,3,114,0
word,1,1,0,0,2,2,99,10,113,0
lie,0,1,3,0,1,5,97,6,112,0
white,1,1,5,0,6,0,93,8,112,0
usa,0,1,0,0,1,57,45,8,111,1
tillerson,0,1,35,0,55,0,14,7,111,0
german jews,0,2,99,2,0,1,2,7,111,1
daughter,6,1,4,0,2,1,92,12,111,0
fake news,0,2,17,8,0,14,61,10,110,0
breaking news,0,2,7,7,0,73,3,20,110,0
syria strike,5,2,28,74,0,0,0,8,110,0
north korea,0,2,100,0,0,0,0,10,110,1
jewish,0,1,59,0,2,1,41,5,108,1
worst,3,1,2,0,4,0,96,6,108,0
seriously,3,1,2,0,19,1,48,38,108,0
far,2,1,3,0,0,1,99,4,107,0
immediately,0,1,0,0,3,1,96,7,107,0
bannon,0,1,60,0,12,3,25,6,106,1
stay,0,1,4,0,16,1,77,8,106,0
cnn,0,1,3,0,2,79,16,5,105,1
white house press secretary sean spicer,1,6,66,36,0,0,0,2,104,1
collusion,0,1,7,0,3,1,87,5,103,0
trumps,0,1,42,1,6,0,43,11,103,0
liberals,1,1,9,0,29,1,60,4,103,0
things,5,1,2,0,7,1,91,2,103,0
sean spicer claims hitler,1,4,25,61,0,0,0,16,102,0
folks,0,1,2,0,2,1,94,2,101,0
donald,0,1,48,0,21,4,24,4,101,1
sean spicer apologizes,4,3,33,45,0,0,0,23,101,0
congress,0,1,48,0,3,1,42,7,101,1
kids,6,1,1,0,0,1,95,3,100,0
find,3,1,2,0,3,3,89,2,99,0
potus,0,1,3,0,0,52,40,4,99,1
americans,0,1,58,0,13,2,24,2,99,1
china,0,1,60,0,16,0,23,0,99,1
forget,1,1,3,0,10,1,81,4,99,0
shut,2,1,1,0,17,3,60,17,98,0
bullshit,0,1,4,0,4,10,63,17,98,0
little,5,1,0,0,3,0,89,6,98,0
holocaust denier,2,2,11,48,0,0,26,13,98,0
send,0,1,1,0,7,1,80,8,97,0
calls,3,1,2,0,8,0,80,7,97,0
visit,0,1,5,0,8,0,77,7,97,0
free,0,1,2,0,5,3,83,3,96,0
win,0,1,1,0,3,1,85,6,96,0
german,0,1,54,0,4,2,29,6,95,1
days,3,1,2,0,2,0,89,2,95,0
coming,2,1,4,0,5,0,85,0,94,0
check,1,1,2,0,36,1,52,3,94,0
bomb syria,5,2,21,61,0,1,6,4,93,0
second,0,1,4,0,3,0,71,15,93,0
evidence,0,1,0,0,2,2,87,2,93,0
business,6,1,1,0,3,1,80,7,92,0
eric trump says syria strike,5,5,27,58,0,0,0,7,92,0
focus,0,1,5,0,5,3,60,18,91,0
fool,2,1,1,0,1,0,84,5,91,0
adolf hitler,0,2,91,0,0,0,0,0,91,1
liar,0,1,3,0,4,5,70,8,90,0
instead,1,1,1,0,9,0,71,9,90,0
giving,0,1,2,0,4,0,80,4,90,0
speak,3,1,2,0,4,2,76,5,89,0
sounds,1,1,3,0,24,0,56,6,89,0
government,1,1,11,0,3,1,67,7,89,0
clear,0,1,1,0,2,0,82,3,88,0
dude,1,1,7,0,13,0,59,9,88,0
snl,0,1,3,0,0,63,17,5,88,1
hate,1,1,1,0,5,1,72,9,88,0
complete,2,1,0,0,7,0,78,3,88,0
learn,2,1,1,0,8,1,69,8,87,0
poor,0,1,4,0,16,0,55,12,87,0
outrage,4,1,2,0,1,1,80,3,87,0
foreign,0,1,1,0,0,1,80,5,87,0
supporters,0,1,1,0,1,0,84,1,87,0
lied,0,1,1,0,0,7,71,7,86,0
innocent,1,1,0,0,0,1,82,3,86,0
perfect,1,1,4,0,8,2,61,11,86,0
pay,0,1,3,0,8,0,68,7,86,0
outraged,3,1,7,0,2,0,73,4,86,0
dead,2,1,1,0,1,1,77,6,86,0
boy,2,1,3,0,7,0,64,11,85,0
around,3,1,3,0,1,0,74,7,85,0
literally,3,1,1,0,5,1,64,14,85,0
change,1,1,3,0,3,0,75,3,84,0
part,2,1,3,0,0,0,76,5,84,0
use gas,1,2,3,2,0,1,77,1,84,0
boss,2,1,0,0,0,1,81,2,84,0
eric trump syria,0,3,78,0,0,0,0,6,84,0
absolutely,1,1,4,0,14,1,50,14,83,0
office,2,1,1,0,1,0,78,3,83,0
trump administration,0,2,22,51,0,0,7,3,83,1
msm,0,1,1,0,1,53,22,6,83,1
1st,0,1,0,0,0,0,81,1,82,0
happy passover,0,2,52,4,0,0,5,21,82,1
sick,1,1,9,0,9,3,56,4,81,0
remarks,1,1,4,0,0,0,73,4,81,0
meant,3,1,4,0,1,0,74,1,80,0
influence,6,1,2,0,0,0,73,5,80,0
missile,6,1,0,0,1,0,76,3,80,0
follow,0,1,1,0,20,2,52,5,80,0
according,1,1,3,0,38,1,37,0,79,0
totally,0,1,0,0,22,3,46,8,79,0
proves,6,1,4,0,4,1,64,6,79,0
apparently,0,1,6,0,16,0,56,1,79,0
gone,1,1,1,0,0,1,70,7,79,0
strike syria,6,2,14,63,0,0,0,1,78,0
bitch,1,1,5,0,4,0,58,10,77,0
wish,0,1,1,0,12,1,60,3,77,0
saying hitler,1,2,13,58,0,0,4,2,77,0
smart,0,1,1,0,1,0,72,3,77,0
hillary,0,1,47,0,5,0,17,8,77,1
connection,6,1,0,0,0,0,74,2,76,0
horrible,1,1,0,0,3,1,66,6,76,0
stand,0,1,4,0,7,0,61,4,76,0
talks,0,1,2,0,0,0,72,2,76,0
quit,1,1,2,0,4,2,61,7,76,0
hitler comment,2,2,31,41,0,1,0,3,76,0
full,4,1,1,0,9,0,58,7,75,0
beyond,1,1,2,0,9,3,57,4,75,0
leave,1,1,1,0,8,4,60,2,75,0
pelosi,0,1,23,0,34,2,8,7,74,1
press secretary sean spicer,1,4,53,13,0,0,0,8,74,1
speaking,1,1,5,0,5,0,62,2,74,0
ask,2,1,1,0,7,0,63,3,74,0
policy,4,1,2,0,1,1,65,5,74,0
internet,1,1,2,0,1,0,62,8,73,0
nancy pelosi,1,2,73,0,0,0,0,0,73,1
millions,1,1,1,0,4,4,62,2,73,0
hear,4,1,0,0,0,1,67,5,73,0
smh,0,1,0,0,7,5,30,31,73,0
comes,4,1,2,0,1,0,65,4,72,0
biggest,3,1,1,0,1,0,67,2,71,0
start,4,1,2,0,3,0,65,1,71,0
sean spicerγçös,1,2,67,0,0,0,0,3,70,1
almost,2,1,1,0,3,1,63,2,70,0
racist,1,1,1,0,3,1,57,8,70,0
spicy,0,1,26,0,12,0,25,7,70,1
definitely,0,1,0,0,3,2,60,5,70,0
live,3,1,1,0,8,4,55,2,70,0
evil,3,1,3,0,3,4,57,3,70,0
anne frank center calls,1,4,38,28,0,0,0,4,70,0
treason,0,1,1,0,3,5,50,10,69,0
disgusting,2,1,1,0,3,0,52,13,69,0
wwii,0,1,0,0,0,33,32,4,69,0
political,3,1,6,0,2,0,56,5,69,0
fisa,0,1,1,0,2,54,11,1,69,1
spokesman,1,1,0,0,0,0,68,1,69,0
actual,3,1,1,0,1,0,57,10,69,0
glad,0,1,1,0,13,0,52,3,69,0
russians,0,1,41,0,1,0,20,7,69,1
become,1,1,3,0,1,0,63,1,68,0
kidding,2,1,1,0,0,1,58,8,68,0
ppl,3,1,1,0,3,0,61,3,68,0
holy,0,1,1,0,42,1,11,13,68,0
clearly,2,1,0,0,7,2,57,2,68,0
golf,1,1,2,0,0,1,60,5,68,1
germans,0,1,30,0,5,1,29,2,67,1
bombing,6,1,1,0,5,0,59,2,67,0
said hitler,1,2,6,58,0,0,1,2,67,0
tie,4,1,0,0,0,0,67,0,67,0
step,1,1,2,0,3,1,61,0,67,0
gotta,0,1,1,0,18,0,46,2,67,0
try,5,1,2,0,5,1,56,2,66,0
dems,0,1,27,0,13,3,19,4,66,1
night,1,1,1,0,1,0,61,2,65,0
investigation,1,1,0,0,0,1,61,3,65,0
launch,6,1,3,0,0,0,58,4,65,0
melissa mccarthy,1,2,60,0,0,0,2,3,65,1
says,7,1,1,0,1,0,57,5,64,0
continue,1,1,2,0,0,1,58,3,64,0
years,3,1,5,0,0,2,53,4,64,0
jared,0,1,39,0,10,1,7,7,64,1
interesting,0,1,1,0,19,1,29,13,63,0
shame,1,1,3,0,15,3,38,4,63,0
fall,1,1,1,0,2,0,56,4,63,0
despicable,2,1,0,0,1,0,56,6,63,0
death,1,1,1,0,2,0,58,2,63,0
y'all,1,1,1,0,14,0,42,6,63,0
clown,1,1,0,0,2,2,53,5,62,0
state,0,1,2,0,3,1,52,4,62,0
thread,0,1,1,0,8,2,39,12,62,0
presidency,0,1,7,0,0,1,50,4,62,0
correct,1,1,5,0,3,2,48,4,62,0
a beautiful thing,6,3,7,0,0,0,43,12,62,0
chemicals,1,1,2,0,1,1,57,1,62,0
message,0,1,3,0,2,1,53,3,62,0
bet,1,1,1,0,4,1,53,3,62,0
dumbass,1,1,3,0,2,1,49,6,61,0
white house press secretary,1,4,25,31,0,1,0,4,61,0
comparing hitler,3,2,57,2,0,0,0,0,59,0
deny,1,1,0,0,1,2,54,2,59,0
trouble,1,1,2,0,1,0,52,4,59,0
completely,4,1,0,0,6,1,50,1,58,0
black,0,1,7,0,3,1,36,11,58,0
obviously,1,1,1,0,4,0,51,2,58,0
press conference,3,2,5,0,0,0,50,3,58,0
special,1,1,1,0,2,0,48,7,58,0
quite,1,1,1,0,9,0,47,1,58,0
nation,0,1,2,0,0,0,52,4,58,0
education,2,1,1,0,2,0,54,1,58,0
lmao,2,1,0,0,23,3,15,17,58,0
think sean spicer,3,3,1,53,0,0,1,3,58,0
proof,2,1,5,0,7,0,44,2,58,0
reading,2,1,1,0,3,0,52,2,58,0
power,4,1,3,0,0,2,49,4,58,0
easter bunny,0,2,42,10,0,0,3,3,58,1
nunes,0,1,20,0,15,0,17,6,58,1
trust,0,1,2,0,7,0,45,4,58,0
expect,0,1,0,0,2,0,54,1,57,0
press briefing,1,2,9,1,0,0,42,5,57,0
given,0,1,1,0,4,0,51,0,56,0
allowed,0,1,0,0,0,1,52,3,56,0
idiots,4,1,1,0,2,1,46,6,56,0
human,4,1,0,0,1,1,51,3,56,0
normal,0,1,1,0,0,3,44,8,56,0
massive,0,1,1,0,1,1,52,1,56,0
politics,5,1,0,0,9,0,46,1,56,0
tv,0,1,2,0,0,28,25,1,56,0
problem,5,1,0,0,4,0,47,4,55,0
dumber,0,1,6,0,0,0,43,5,54,0
foot,3,1,4,0,1,0,48,1,54,0
bombed syria,6,2,7,42,0,0,0,5,54,0
absolute,1,1,1,0,6,0,43,4,54,0
weren't,3,1,1,0,3,0,48,2,54,0
huge,0,1,1,0,6,4,39,4,54,0
buy,0,1,2,0,2,2,44,4,54,0
wake,0,1,2,0,7,3,33,9,54,0
happy,2,1,2,0,6,1,44,1,54,0
asshole,1,1,3,0,0,1,45,5,54,0
finally,0,1,0,0,9,1,39,5,54,0
terrible,3,1,1,0,1,2,45,4,53,0
period,0,1,0,0,0,2,18,33,53,0
apology,4,1,1,0,4,0,48,0,53,0
liberal,3,1,4,0,3,0,43,3,53,0
brain,4,1,2,0,2,0,46,3,53,0
warfare,1,1,0,0,0,0,48,5,53,0
tried,1,1,0,0,1,1,50,1,53,0
ignore,1,1,1,0,3,2,46,1,53,0
involved,0,1,1,0,0,0,50,2,53,0
honestly,0,1,1,0,23,0,27,2,53,0
paid,1,1,1,0,0,1,49,2,53,0
regime,2,1,0,0,1,0,46,5,52,0
starting,0,1,2,0,5,0,43,2,52,0
eric trump ivanka,6,3,48,0,0,0,0,4,52,0
dangerous,2,1,0,0,2,2,44,4,52,0
knowledge,0,1,1,0,1,0,50,0,52,0
understand,4,1,0,0,0,1,47,3,51,0
semitic,1,1,20,0,0,0,30,1,51,0
dumbest,2,1,0,0,0,0,47,4,51,0
wants,6,1,0,0,1,1,45,4,51,0
three,0,1,3,0,0,0,45,3,51,0
ken livingstone,1,2,45,2,0,0,0,4,51,1
jesus,1,1,7,0,17,0,5,22,51,1
hitler comments,3,2,8,32,0,0,0,11,51,0
probable,0,1,1,0,4,1,45,0,51,0
house,0,1,12,0,3,2,32,2,51,0
easter egg roll,0,3,34,4,0,0,0,12,50,1
press sec,1,2,19,3,0,0,27,1,50,0
comey,0,1,28,0,11,1,4,5,49,1
living,4,1,0,0,1,0,46,2,49,0
supposed,0,1,0,0,1,1,47,0,49,0
imagine,5,1,5,0,16,2,24,2,49,0
several,1,1,0,0,3,1,43,1,48,0
ready,1,1,1,0,2,0,40,5,48,0
play,4,1,0,0,0,2,38,8,48,0
sean spicer says hitler,2,4,3,42,0,0,0,3,48,0
times,5,1,2,0,1,0,45,0,48,0
trending,4,1,4,0,1,0,40,3,48,0
holocaust comments,1,2,12,30,0,0,2,4,48,0
juve,3,1,14,0,0,0,8,26,48,0
death camps,0,2,8,2,0,7,26,5,48,0
laugh,1,1,1,0,1,0,44,1,47,0
trump campaign,0,2,4,39,0,0,3,1,47,0
jew,1,1,14,0,2,0,30,1,47,0
united ceo,0,2,37,0,0,0,0,10,47,0
advisor,0,1,1,0,1,0,43,2,47,0
stick,0,1,2,0,10,0,34,1,47,0
beautiful,1,1,4,0,3,0,38,2,47,0
somehow,1,1,1,0,6,2,33,4,46,0
presidential,0,1,8,0,0,0,33,5,46,0
zero,0,1,6,0,5,2,32,1,46,0
especially,0,1,1,0,18,0,24,3,46,0
kushner,0,1,29,0,3,0,11,3,46,1
hitler gassed,1,2,3,29,0,0,0,14,46,0
al,1,1,6,0,1,0,38,1,46,0
germany,0,1,24,0,2,0,20,0,46,1
feeling,0,1,1,0,4,0,39,2,46,0
agenda,0,1,2,0,0,0,42,2,46,0
girl,2,1,0,0,0,0,40,6,46,0
feelings,6,1,1,0,0,0,44,0,45,0
plan,6,1,4,0,0,0,32,9,45,0
history book,0,2,1,0,0,1,41,2,45,0
law,4,1,6,0,0,0,36,3,45,0
sarin,0,1,13,0,6,0,25,1,45,1
add,0,1,1,0,8,0,34,2,45,0
centers,1,1,6,0,1,1,36,1,45,0
crap,2,1,1,0,0,2,41,1,45,0
sessions,0,1,16,0,10,0,17,2,45,0
support,6,1,1,0,4,0,38,1,44,0
feel,6,1,0,0,2,1,39,2,44,0
line,5,1,0,0,0,1,41,2,44,0
jail,0,1,1,0,2,2,36,3,44,0
winner,0,1,1,0,6,0,29,8,44,0
headline,0,1,1,0,1,1,40,1,44,0
claimed,1,1,5,0,0,0,36,3,44,0
unless,0,1,4,0,9,0,31,0,44,0
sean spicer holocaust centers,0,4,15,3,0,0,0,26,44,0
lack,3,1,2,0,4,0,38,0,44,0
fix,0,1,3,0,2,0,33,5,43,0
water,0,1,1,0,0,0,42,0,43,0
lead,3,1,4,0,2,0,36,1,43,0
sign,1,1,2,0,8,1,23,9,43,0
msnbc,0,1,1,0,0,30,6,6,43,1
demand,1,1,2,0,2,2,35,2,43,0
washington post,0,2,41,0,0,0,0,2,43,1
center,0,1,8,0,1,0,32,2,43,0
cabinet,1,1,2,0,0,1,37,3,43,0
corrupt,0,1,0,0,1,5,35,2,43,0
get fired,0,2,0,2,0,0,39,1,42,0
red,1,1,2,0,4,0,32,4,42,0
using chemical,3,2,4,0,0,0,37,1,42,0
hitler used chemical weapons,2,4,8,31,0,0,0,3,42,0
men,5,1,4,0,11,0,25,2,42,0
ceo,0,1,3,0,0,18,20,1,42,0
unbelievable,3,1,2,0,6,2,14,18,42,0
smoke,1,1,2,0,4,0,33,3,42,0
listen,5,1,3,0,4,2,31,2,42,0
guys,5,1,1,0,4,0,31,5,41,0
narrative,0,1,1,0,0,0,38,2,41,0
democrats,0,1,19,0,11,0,9,2,41,1
earth,1,1,13,0,0,0,25,3,41,0
mistake,5,1,0,0,0,0,41,0,41,0
republicans,0,1,16,0,9,0,12,4,41,1
bc,2,1,0,0,2,1,35,3,41,0
democracy,0,1,4,0,1,4,30,2,41,0
dt,0,1,5,0,0,27,9,0,41,0
judge,0,1,2,0,2,0,36,1,41,0
beat,1,1,2,0,2,1,30,5,40,0
article,1,1,2,0,0,0,36,2,40,0
humanity,0,1,5,0,0,0,30,5,40,0
party,2,1,6,0,1,0,30,3,40,0
plans,1,1,1,0,0,0,35,4,40,0
orange,0,1,3,0,2,0,34,1,40,0
hand,3,1,2,0,3,0,34,1,40,0
russia ties,0,2,8,24,0,0,1,7,40,0
camps,2,1,0,0,0,0,36,4,40,0
continues,4,1,1,0,0,0,36,3,40,0
indeed,0,1,0,0,3,3,25,9,40,0
simple,1,1,1,0,1,0,33,5,40,0
integrity,0,1,2,0,1,0,36,0,39,0
months,1,1,0,0,0,2,36,1,39,0
syria strikes,5,2,2,35,0,0,0,2,39,0
gassing,4,1,2,0,1,1,32,3,39,0
tax,6,1,2,0,1,0,30,6,39,0
jeff sessions,0,2,25,1,0,6,1,6,39,1
spokesperson,3,1,1,0,0,0,38,0,39,0
kind,5,1,0,0,3,0,35,1,39,0
baby,3,1,0,0,1,0,32,6,39,0
see sean spicer,1,3,4,31,0,0,0,4,39,1
syria russia egypt,5,3,31,0,0,0,0,8,39,0
voted,6,1,1,0,0,1,32,4,38,0
hit,2,1,0,0,1,0,34,3,38,0
boom,0,1,4,0,2,7,7,18,38,0
welcome,1,1,7,0,10,0,20,1,38,0
gives,4,1,2,0,1,0,30,5,38,0
barca,1,1,10,0,0,0,8,20,38,0
facts,4,1,0,0,3,0,31,4,38,0
child,6,1,2,0,1,0,34,1,38,0
american people,0,2,3,33,0,0,1,1,38,0
drinking,1,1,1,0,1,0,34,2,38,0
genocide,1,1,3,0,0,0,32,2,37,0
dragged,2,1,2,0,0,0,33,2,37,0
jewish people,0,2,2,33,0,0,2,0,37,0
social,2,1,2,0,9,0,23,3,37,0
leader,3,1,3,0,1,0,31,2,37,0
flynn,0,1,16,0,10,1,9,1,37,1
defend,4,1,4,0,2,0,26,5,37,0
denial,1,1,2,0,1,1,30,3,37,0
works,4,1,0,0,1,2,31,2,36,0
high school,1,2,2,0,0,0,30,4,36,0
awful,3,1,3,0,0,1,31,1,36,0
emotions,6,1,0,0,2,2,29,3,36,0
screw,1,1,2,0,2,0,28,4,36,0
pls,0,1,2,0,7,1,20,6,36,0
rest,5,1,0,0,1,0,35,0,36,0
friends,4,1,4,0,1,1,29,1,36,0
weapons,3,1,1,0,0,1,32,2,36,0
trump admin,0,2,5,18,0,0,9,4,36,0
go back,4,2,0,9,0,1,26,0,36,0
kansas,0,1,13,0,3,2,12,6,36,1
die,2,1,1,0,1,1,31,2,36,0
ivanka told,6,2,6,28,0,0,0,2,36,0
cry,1,1,0,0,0,1,33,1,35,0
uh,0,1,1,0,10,3,14,7,35,0
rather,4,1,3,0,1,0,30,1,35,0
everyday,2,1,1,0,8,1,24,1,35,0
anne frank,1,2,29,2,0,0,1,3,35,1
company,0,1,6,0,0,0,27,2,35,0
lord,0,1,8,0,7,0,17,3,35,0
fucking idiot,3,2,0,5,0,1,25,4,35,0
happens,4,1,4,0,0,0,31,0,35,0
info,0,1,3,0,1,0,29,2,35,0
level of using chemical weapons,1,5,1,0,0,0,32,1,34,0
recent,1,1,0,0,1,0,29,4,34,0
outrageous,2,1,1,0,3,1,26,3,34,0
nancy,1,1,12,0,8,0,7,7,34,1
apologize,5,1,2,0,1,0,31,0,34,0
ivanka trump influenced,6,3,7,24,0,0,0,3,34,0
united states,0,2,28,1,0,3,0,2,34,1
remark,2,1,2,0,0,0,30,2,34,0
steve bannon,0,2,27,0,0,0,1,6,34,1
rex tillerson,0,2,30,0,0,0,0,4,34,1
tool,1,1,2,0,2,0,28,2,34,0
break,5,1,0,0,0,1,27,6,34,0
died,1,1,2,0,0,0,32,0,34,0
pres,1,1,15,0,0,1,13,4,33,0
sean spicer actually,2,3,5,24,0,0,0,4,33,0
carter page fbi,0,3,32,0,0,0,0,1,33,0
beautiful thing,5,2,2,1,0,0,30,0,33,0
isis,0,1,1,0,1,20,9,2,33,1
quick,1,1,1,0,8,1,21,2,33,0
firing,3,1,2,0,0,0,28,3,33,0
open,5,1,3,0,5,0,23,2,33,0
police,0,1,5,0,5,0,20,3,33,0
murder,1,1,0,0,2,2,28,1,33,0
idiotic,3,1,1,0,0,0,31,1,33,0
pretty sure,2,2,0,18,0,1,14,0,33,0
late,2,1,1,0,0,2,26,4,33,0
impeachment,0,1,4,0,3,2,22,2,33,0
april,0,1,19,0,2,1,8,2,32,0
ffs,0,1,0,0,1,10,9,12,32,0
clinton,0,1,13,0,3,0,10,6,32,1
kill,6,1,0,0,2,0,29,1,32,0
reminder,1,1,1,0,6,0,23,2,32,0
sean spicer said hitler,3,4,2,30,0,0,0,0,32,0
ww2,1,1,0,0,1,13,18,0,32,0
nope,0,1,3,0,5,1,7,16,32,0
oscar munoz,1,2,29,0,0,0,0,3,32,1
pathetic,3,1,0,0,5,4,22,1,32,0
nordstrom,3,1,13,0,6,0,12,1,32,1
join,0,1,2,0,9,0,20,1,32,0
use,6,1,4,0,0,0,26,2,32,0
posts,3,1,1,0,0,0,31,0,32,0
diversion,0,1,1,0,1,1,26,3,32,0
jared kushner,0,2,27,1,0,0,0,4,32,1
college,1,1,2,0,0,1,24,5,32,0
fox news,0,2,23,2,0,2,2,3,32,1
mind,6,1,0,0,1,0,30,1,32,0
walks,1,1,0,0,1,0,26,5,32,0
inept,0,1,2,0,3,1,25,0,31,0
history lesson,1,2,1,2,0,0,26,2,31,0
liars,1,1,3,0,3,1,23,1,31,0
lots,0,1,2,0,10,0,18,1,31,0
loves,1,1,0,0,0,1,27,3,31,0
wapo,0,1,11,0,8,8,2,2,31,1
truly,5,1,1,0,0,0,29,1,31,0
gold,0,1,2,0,4,0,24,1,31,0
bigly,0,1,2,0,0,5,15,9,31,0
criminal,0,1,0,0,1,1,28,1,31,0
gas chamber,1,2,2,1,0,1,27,0,31,0
congressional,0,1,3,0,9,0,15,4,31,0
republican,0,1,7,0,4,0,17,3,31,1
waiting,3,1,2,0,5,0,24,0,31,0
believed,0,1,0,0,0,0,28,3,31,0
slow,1,1,3,0,3,0,23,2,31,0
slavery,1,1,2,0,0,0,29,0,31,0
google,1,1,8,0,5,1,15,2,31,1
israel,0,1,23,0,0,0,7,1,31,1
women,7,1,0,0,3,0,24,4,31,0
tomahawk,0,1,13,0,0,0,17,0,30,1
order,5,1,1,0,1,0,23,5,30,0
chem,1,1,0,0,0,1,28,1,30,0
co,0,1,6,0,1,3,15,5,30,0
ill,1,1,1,0,0,1,27,1,30,0
headlines,0,1,2,0,1,1,25,1,30,0
intel,0,1,2,0,1,0,24,3,30,0
woman,7,1,0,0,0,0,27,3,30,0
international,1,1,3,0,1,0,24,2,30,0
fisa court,0,2,5,24,0,0,0,0,29,1
new york times,2,3,26,0,0,1,0,2,29,1
jobs,5,1,1,0,0,0,25,3,29,0
concentration camp,0,2,3,4,0,0,21,1,29,0
godwin,2,1,16,0,2,0,9,2,29,1
complicit,5,1,1,0,2,1,21,4,29,0
version,2,1,1,0,0,0,27,1,29,0
carter,0,1,18,0,5,1,1,4,29,1
nato,0,1,0,0,0,18,7,4,29,1
notice,0,1,2,0,6,0,21,0,29,0
desperate,0,1,1,0,1,2,23,2,29,0
opinion,6,1,1,0,4,0,23,1,29,0
dc,0,1,1,0,0,8,19,1,29,0
daily,5,1,7,0,0,0,22,0,29,0
upset,7,1,3,0,0,0,23,3,29,0
ah,0,1,1,0,19,2,2,5,29,0
holocaust centres,1,2,7,10,0,0,8,4,29,1
hilter,1,1,11,0,3,0,13,1,28,1
husband,4,1,0,0,0,1,26,1,28,0
carter page the washington post,0,5,28,0,0,0,0,0,28,0
missile strike,5,2,2,0,0,1,25,0,28,0
easy,4,1,2,0,2,0,21,3,28,0
suck,1,1,0,0,2,2,21,3,28,0
betsy devos,0,2,25,0,0,0,0,3,28,1
um,0,1,2,0,14,2,6,4,28,0
easter,0,1,15,0,1,0,10,2,28,1
lago,0,1,7,0,0,1,20,0,28,0
chemical weapon,3,2,1,0,0,0,26,1,28,0
pushed,5,1,10,0,0,0,14,4,28,0
photo,0,1,0,0,1,0,23,4,28,0
djt,0,1,0,0,0,24,3,1,28,0
leftists,5,1,14,0,8,0,5,1,28,1
pr disaster,2,2,2,26,0,0,0,0,28,0
voters,6,1,6,0,1,0,20,0,27,0
don,0,1,8,0,1,2,13,3,27,0
holding,0,1,1,0,0,0,24,2,27,0
investigated,0,1,0,0,0,6,16,5,27,0
pass,2,1,0,0,1,1,22,3,27,0
bright,2,1,0,0,0,1,26,0,27,0
proud,3,1,3,0,3,0,20,1,27,0
book,4,1,1,0,1,0,25,0,27,0
event,0,1,1,0,0,0,24,2,27,0
conflict,0,1,1,0,0,0,24,2,27,0
stop talking,3,2,0,5,0,1,18,3,27,0
kellyanne,0,1,15,0,5,0,7,0,27,1
bed,0,1,0,0,1,1,25,0,27,0
ww3,0,1,0,0,0,12,15,0,27,1
confirmed,6,1,0,0,3,2,19,3,27,0
election,6,1,1,0,0,0,20,6,27,0
speechless,1,1,0,0,3,1,17,5,26,0
illegal,2,1,1,0,2,0,17,6,26,0
lock,0,1,1,0,9,3,8,5,26,0
cillizza,6,1,0,0,20,0,6,0,26,0
infowars,0,1,9,0,3,0,10,4,26,0
6 million,3,2,0,4,0,0,22,0,26,0
bill,1,1,9,0,0,0,16,1,26,0
proved,5,1,1,0,1,1,22,1,26,0
dropping,2,1,0,0,0,0,24,2,26,0
land,0,1,2,0,0,1,23,0,26,0
reform,0,1,2,0,0,0,23,1,26,0
tax returns,0,2,1,1,0,1,23,0,26,0
smarter,3,1,4,0,1,0,19,2,26,0
called concentration camps,3,3,4,1,0,0,19,2,26,0
working,5,1,2,0,0,0,24,0,26,0
charge,6,1,1,0,0,0,24,1,26,0
traitor,0,1,2,0,1,2,19,2,26,0
throw,4,1,0,0,0,1,23,2,26,0
monitor carter page,0,3,6,18,0,0,1,1,26,0
get sean spicer,1,3,3,21,0,0,0,2,26,0
investigations,0,1,1,0,0,0,24,1,26,0
incompetence,4,1,0,0,1,1,24,0,26,0
sense,6,1,1,0,0,0,22,2,25,0
telling,6,1,1,0,0,0,24,0,25,0
health,5,1,2,0,1,0,20,2,25,0
clean,1,1,1,0,0,1,21,2,25,0
swamp,0,1,2,0,0,1,21,1,25,0
stuff,6,1,1,0,0,0,23,1,25,0
propaganda,1,1,1,0,1,0,21,2,25,0
libs,0,1,5,0,4,1,13,2,25,0
weak,0,1,2,0,2,4,16,1,25,0
double,1,1,2,0,1,0,18,4,25,0
consider,3,1,1,0,2,0,22,0,25,0
justice,0,1,5,0,2,0,16,2,25,0
probe,0,1,2,0,0,0,23,0,25,0
global,5,1,0,0,0,0,20,5,25,0
trump advisor,0,2,2,22,0,0,0,1,25,0
mar,0,1,12,0,0,0,12,1,25,0
epic,0,1,0,0,2,9,11,3,25,0
failing,0,1,1,0,0,2,21,1,25,0
issues,3,1,1,0,0,1,22,1,25,0
gun,0,1,2,0,0,0,18,5,25,0
chambers,1,1,2,0,0,0,23,0,25,0